post_id,title,source_description_lines,italian_caption,method
post-0001,Churchill bridge layer Tank,Cute tiny little kit with working rigging of the bridge layer mechanism,"Piccolo kit molto simpatico, con il sistema di cavi del ponte funzionante.",existing/polished
post-0002,Matilda Tank,Model by Riccardo Brambilla,Modello di Riccardo Brambilla.,existing/polished
post-0003,US Medium Tank M3,Model by Riccardo Brambilla,Modello di Riccardo Brambilla.,existing/polished
post-0004,Opel Blitz,"While this kit reflects the style and branding of Donati company lorries from the 1950s and ’60s, it's not historically accurate in terms of vehicle type. The Opel Blitz, featured in the model, was never part of the Donati fleet. Instead, the company—one of the leading beverage distributors in Ferrara at the time—relied on a small but robust lineup of vehicles, including two Fiat 615s (one petrol, one diesel), a Lancia Beta, and a pair of three-wheeled motocarri. | Founded by Agostino Donati and later run as a family business with his sons Nello and Franco, the company played a key role in supplying beer and soft drinks to the bars and osterie to Ferrara and across its countryside. The livery shown on the model, however, does capture the essence of the company’s branding during its peak years—a familiar sight on dusty provincial roads and a small tribute to a hands-on, family-run operation that helped keep the region refreshed for decades.","Sebbene questo kit rifletta lo stile e l’immagine dei camion della ditta Donati degli anni Cinquanta e Sessanta, non è storicamente corretto per quanto riguarda il tipo di veicolo. L’Opel Blitz rappresentato nel modello non fece mai parte della flotta Donati. L’azienda, una delle principali distributrici di bevande a Ferrara in quel periodo, utilizzava invece una piccola ma solida serie di mezzi, tra cui due Fiat 615, uno a benzina e uno diesel, una Lancia Beta e un paio di motocarri a tre ruote.

Fondata da Agostino Donati e in seguito gestita come impresa familiare con i figli Nello e Franco, la ditta ebbe un ruolo importante nel rifornire di birra e bibite i bar e le osterie di Ferrara e della sua campagna. La livrea mostrata sul modello, tuttavia, coglie bene l’essenza dell’immagine aziendale negli anni migliori: una presenza familiare sulle polverose strade provinciali e un piccolo omaggio a un’attività familiare concreta e operosa, che per decenni contribuì a dissetare la regione.",existing/polished
post-0005,Austin CWT 3 tons,"This is the lorry used by the Donati company from 1946 through the early 1970s. It was purchased near Rovigo from a war surplus depot and used to deliver beer and soft drinks to bars scattered across the Ferrara countryside. As such it was the most important lorry of the company. The driver was Stabellini Ermes, known to everyone as “Vampa.” He was missing part of his middle finger—lost to a radiator fan while working on an engine. As a child, I couldn’t take my eyes off his hand; it fascinated and unsettled me in equal measure.","Questo è il camion utilizzato dalla ditta Donati dal 1946 fino ai primi anni Settanta. Fu acquistato nei pressi di Rovigo da un deposito di residuati bellici e impiegato per consegnare birra e bibite ai bar sparsi nella campagna ferrarese. Per questo fu il camion più importante dell’azienda. L’autista era Stabellini Ermes, conosciuto da tutti come “Vampa”. Gli mancava una parte del dito medio, persa nella ventola di un radiatore mentre lavorava su un motore. Da bambino non riuscivo a staccare gli occhi da quella mano: mi affascinava e mi inquietava allo stesso tempo.",existing/polished
post-0006,Aeritalia Macchi Embraer AMX,Interesting subject of a not so common aircraft. Please note the missile training rounds in the sake of peace....,"Soggetto interessante di un aereo non così comune. Da notare i missili da addestramento, in nome della pace...",existing/polished
post-0007,Eurofighter Typhoon,"In RAF colours, huge kit, some weathering still required","In colori RAF, kit enorme; manca ancora un po’ di invecchiamento.",existing/polished
post-0008,Pilatus PC6,Interesting kit of this odd-looking and powerful aircraft,Kit interessante di questo aereo dall’aspetto insolito e potente.,existing/polished
post-0009,28cm Sturm Moerser on T38 D,Interesting 'What if' kit of an heavy mortar on a light Skoda 38T hull! I tried to reproduce different camo styles. The model screams for some weathering,Interessante kit “what if” di un mortaio pesante montato sullo scafo leggero dello Skoda 38T. Ho provato a riprodurre diversi stili di mimetica. Il modello chiede a gran voce un po’ di invecchiamento.,existing/polished
post-0010,Lockheed P80 Shooting Star,"16 FIS, 51 FIW FT-650 / 9650 Saggin Dragon 1951 - Suwon AB KR | Wonderful Airfix box artwork","16 FIS, 51 FIW, FT-650 / 9650 “Saggin Dragon”, 1951 - Suwon AB, Corea. Magnifica illustrazione Airfix sulla scatola.",existing/polished
post-0011,Lockheed F104 S ASA,Depicting an hybrid ASA version as the aircraft is missing the two rear underfuselage strakes instead of one. I should add them...,"Rappresenta una versione ASA ibrida, perché all’aereo mancano le due derive ventrali posteriori invece di una sola. Dovrei aggiungerle...",existing/polished
post-0012,Fokker Dr. I,"KG4 Jasta 11 1927. This machine was flown by Lothar von Richthofen, brother of the (in)famous Red Baron, he survived the war","KG4 Jasta 11, 1927. Questo velivolo fu pilotato da Lothar von Richthofen, fratello del celebre Barone Rosso; sopravvisse alla guerra.",existing/polished
post-0013,Alexeyev I-215,"Soviet jet fighter prototype, only one built, first flight on 18. April 1948. | Apologies for the missing second gun, I have to retrieve it somewhere","Prototipo di caccia a reazione sovietico, costruito in un solo esemplare; primo volo il 18 aprile 1948. Mi scuso per il secondo cannone mancante: devo recuperarlo da qualche parte.",existing/polished
post-0014,Martin Baker MB6 Sky Ferret,"Fictitious australian camo, evolution of the MB5 which was a quite advanced fighter plane but was too late to be used in the II World War","Mimetica australiana fittizia, evoluzione dell’MB5, che era un caccia piuttosto avanzato ma arrivò troppo tardi per essere impiegato nella Seconda guerra mondiale.",existing/polished
post-0015,"Hull of Panzerselbstfahrlafette für 12,8-cm-Kanone 40","Representing the Sturer Emil hull under construction as I used the gun for another project, i,e, the 12.8 Waffenträger auf Pz IV from World of Tanks,","Rappresenta lo scafo dello Sturer Emil in costruzione, dato che ho usato il cannone per un altro progetto, cioè il 12.8 Waffenträger auf Pz IV da World of Tanks.",existing/polished
post-0016,Special Air Service Jeep,Model by Sara Donati,Modello di Sara Donati.,existing/polished
post-0017,M7 Gun Motor Carriage 105mm 'Priest',Camo inspired by World of Tanks,Mimetica ispirata a World of Tanks.,existing/polished
post-0018,Sturmgeschütz III with 105mm gun,"A former Matchbox kit, with cute diorama elements","Un ex kit Matchbox, con graziosi elementi di diorama.",existing/polished
post-0019,Panzer II,A Matchbox kit that cleverly included some basic diorama elements—a wonderful idea that added extra charm to the set.,Un kit Matchbox che includeva intelligentemente alcuni elementi base di diorama: una bellissima idea che aggiungeva fascino al set.,existing/polished
post-0020,SPAD XIII,,,intentionally-empty
post-0021,SPAD S.A. 2,"Cute kit of an unusual aeroplane. In times when no machine gun synchronization mechanism was available, a solution would be to put a poor blighter IN FRONT of the propeller allowing him to pepper the airspace around at ease, utterly preposterous isn't it?","Kit simpatico di un aeroplano insolito. Ai tempi in cui non esisteva ancora un sincronizzatore per la mitragliatrice, una soluzione poteva essere mettere un poveraccio DAVANTI all’elica, permettendogli di mitragliare lo spazio aereo attorno con una certa libertà: assolutamente preposterous, non trovate?",existing/polished
post-0022,Sturmgeschütz IV (Sd.Kfz. 167/ StuG IV),"At the time (1976) it was an amazing kit, one of the first big scale tanks, I made it radio-controlled, fascinating.","All’epoca, nel 1976, era un kit sorprendente, uno dei primi carri in grande scala. Lo realizzai radiocomandato: affascinante.",existing/polished
post-0023,German Panzerjager 39(H) mit 7.5cm Pak40/1 Marder,Needs quite some weathering...,Ha bisogno di parecchio invecchiamento...,existing/polished
post-0024,Toyota bB,Cute little micro van. The name comes from 'black Box,Piccolo microvan simpatico. Il nome deriva da “black Box”.,existing/polished
post-0025,Ford Mustang,Nice big-scale model,Bel modello in grande scala.,existing/polished
post-0026,U Boot Type XXVII 'Seehund',The most successful type of the german 'midget' late war submarines,Il tipo di sommergibile tedesco tascabile di fine guerra che ebbe maggiore successo.,existing/polished
post-0027,Ford Capri Group 5,,,intentionally-empty
post-0028,Ford Capri Gr. 5,Zakspeed team 1979 | Group 5 cars were really awesome,"Team Zakspeed, 1979. Le auto del Gruppo 5 erano davvero fantastiche.",existing/polished
post-0029,Porsche 911 GT1,24 Hours du Mans - Le Mans FR Juni 1996 Result: 2nd place (Hans Joachim Stuck/Thierry Boutsen/Bob Wollek) | Stunning livery indeed,"24 Ore di Le Mans, giugno 1996. Risultato: 2° posto (Hans Joachim Stuck / Thierry Boutsen / Bob Wollek). Livrea davvero stupenda.",existing/polished
post-0030,T90 Tank,,,intentionally-empty
post-0031,Alpine Renault A442B Turbo,"24H of Le Mans 1978 winner, interesting aerodynamic concept with a partially-faired cockpit",Vincitrice della 24 Ore di Le Mans 1978; interessante soluzione aerodinamica con abitacolo parzialmente carenato.,existing/polished
post-0032,Caterham Seven,"Replica of the Lotus Seven, still available on the market. Obviously pained in british racing green.","Replica della Lotus Seven, ancora disponibile sul mercato. Naturalmente verniciata in British racing green.",existing/polished
post-0033,Nissan Nismo GT-R Xanavi,2008 racing season,Stagione agonistica 2008.,existing/polished
post-0034,DeHavilland DH2,No. 24 Sqn. RFC 5964 (Lanoe Hawker) He was shot down on 23 November 1916 by Mannfred von Richthofen - Bertangles FR,"No. 24 Sqn. RFC 5964 (Lanoe Hawker). Fu abbattuto il 23 novembre 1916 da Manfred von Richthofen - Bertangles, Francia.",existing/polished
post-0035,De Havilland Sea Venom FAW.22,"894 NAS FAA HMS Albion 1960 | Former Matchbox kit, the 'Suez crisis' livery is always so attractive, nice subject and rather imposing dimensions","894 NAS FAA, HMS Albion, 1960. Ex kit Matchbox; la livrea della crisi di Suez è sempre molto attraente, soggetto interessante e di dimensioni piuttosto imponenti.",existing/polished
post-0036,Ford Taurus Sock Car 'Valvoline',Driver: Mark Martin,Pilota: Mark Martin.,existing/polished
post-0037,JS3 Soviet Tank,"Heavy tank which appeared at the very end of WW2, too late to fight in battle","Carro pesante apparso proprio alla fine della Seconda guerra mondiale, troppo tardi per partecipare ai combattimenti.",existing/polished
post-0038,Ice `T`,Great Tom Daniel's funny car design,Splendido design da funny car di Tom Daniel.,existing/polished
post-0039,Brabham BT46B,"Fan car, F1 Swedish GP Anderstorp 17 June 1978, first race first win then banned","Fan car, GP di Svezia F1 ad Anderstorp, 17 giugno 1978: prima gara, prima vittoria, poi bandita.",existing/polished
post-0040,Brabham BT49,Version used in 1978 F1 season,Versione usata nella stagione F1 1978.,existing/polished
post-0041,Brabham BT46 Launch event,"Nowadays all Formula one cars look the same except for the paint job, but there was a time when you could have three radically different versions of the SAME car. This is the presentation version, with surface cooling radiators which, in the end, did not work. As bonus content you can find all three versions merrily together","Oggi tutte le vetture di Formula 1 sembrano uguali, a parte la verniciatura; ma ci fu un tempo in cui si potevano avere tre versioni radicalmente diverse della stessa macchina. La BT46B, con il ventilatore, fu una di quelle idee meravigliosamente folli.",existing/polished
post-0042,Lockheed P38 J-20-LO Lightning,"Arkansas traveller Pilot Lt. Owen Fincher 392 FS 367 FG Jovincourt 1945 | Also in this case a huge, impressive kit, I should definitely spend it a bit of more surface detailing and post shading...","Arkansas Traveller, pilota Lt. Owen Fincher, 392 FS, 367 FG, Jovincourt 1945. Anche in questo caso un kit enorme e impressionante; dovrei decisamente dedicargli un po’ più di lavoro.",existing/polished
post-0043,Cobra 427 cu. in.,"Ladies and Gents, now one of my favourite kits, beautiful car lines, the model size is spot on, neither too big or too small","Signore e signori, ecco uno dei miei kit preferiti: linee dell’auto bellissime, dimensioni del modello perfette, né troppo grande né troppo piccolo.",existing/polished
post-0044,Fictional Northrop B2,"The kit hit the market in a time when B2 data were but a distant dream, rendering it a thoroughly imaginative—if not entirely harebrained—creation. A lamentable squandering of plastic, one might say, yet not without a certain historical charm for the devoted connoisseur of model-making.","Il kit arrivò sul mercato in un periodo in cui i dati sul B-2 erano ancora un sogno lontano, rendendolo una creazione del tutto immaginaria — se non addirittura un po’ strampalata. Proprio per questo è interessante.",existing/polished
post-0045,McDonnell Douglas AV-8B Harrier,"VMA-331 Bumble Bees 152072 1984 | Modified and improved version of the original Harrier, sporting and interesting carbon fiber wing","VMA-331 Bumble Bees, 152072, 1984. Versione modificata e migliorata dell’Harrier originale, con un’interessante ala in fibra di carbonio.",existing/polished
post-0046,Kawasaki Ki100,"In early 1945, 275 Ki-100s were modified from Ki-61s as an emergency measure to accept a 14-cylinder Mitsubishi Ha-112-II radial engine in place of the original Kawasaki Ha-40 inverted V-12 inline engine, resulting in one of the best interceptors used by the Army during the war. It combined excellent power and maneuverability, and from the first operational missions in March 1945 until the end of the war, it performed better than most IJAAS fighters.","All’inizio del 1945, 275 Ki-100 furono ricavati da Ki-61 modificati in emergenza per accogliere un motore radiale Mitsubishi Ha-112-II a 14 cilindri al posto dell’originario motore in linea raffreddato a liquido. Un esempio molto efficace di adattamento riuscito.",existing/polished
post-0047,Macchi MC200 Saetta,Regia Aeronautica 360a Squadriglia,"Regia Aeronautica, 360ª Squadriglia.",existing/polished
post-0048,Lockheed YF22,Huge impressive kit!!,Kit enorme e impressionante!!,existing/polished
post-0049,Douglas A20 G Havoc,"T= 389 Bomber Squadron 312Bomber Group South East Pacific | Nice kit subject in this scale, nice video on this very airplane at: https://www.google.com/search?q=a20g+havoc&rlz=1C1FGUR_deDE1106DE1106&oq=a20g+havoc&gs_lcrp=EgZjaHJvbWUyBggAEEUYOdIBCDY2NTNqMGo3qAIAsAIA&sourceid=chrome&ie=UTF-8#fpstate=ive&vld=cid:0fa5109f,vid:DIMhaLC89BU,st:0","T= 389 Bomber Squadron, 312 Bomber Group, South East Pacific. Bel soggetto in questa scala; bel video proprio su questo aereo: https://www.google.com",existing/polished
post-0050,Lockheed C130 Hercules,"The kit originally reproduced the British version (including Land Rover and Bloodhound missile) but I liked more the Vietnam camo. it has only just dawned on me that this kit, like so many others in the collection, was assembled in the mid-'70s—which, what ho, means a good half-century has slipped by!","Il kit riproduceva originariamente la versione britannica, includendo Land Rover e missile Bloodhound, ma io preferivo la mimetica Vietnam. È appena assemblato e richiederà ancora parecchio lavoro.",existing/polished
post-0051,Vought F7U-3M Cutlass,"Loosely based on late war german fighter designs, it was difficult to fly and not a great success","Liberamente ispirato ai progetti tedeschi di caccia di fine guerra, era difficile da pilotare e non ebbe grande successo.",existing/polished
post-0052,British Main Battle Tank Challenger,"KFOR King's Royal Hussars Kosovo June 1999 In this case as well, a cute little kit.","KFOR King's Royal Hussars, Kosovo, giugno 1999. Anche in questo caso, un piccolo kit molto grazioso.",existing/polished
post-0053,Leclerc french main battle tank,"KFOR 6974 0006 Petitmont Juni 1999 Kosovo Peacekeeping - Kosovska Mitrovica XK, cute little kit","KFOR 6974 0006 Petitmont, giugno 1999, Kosovo Peacekeeping - Kosovska Mitrovica, XK. Un piccolo kit molto grazioso.",existing/polished
post-0054,SAAB Gripen Twin Seat,"Svenska Flygvapnet Bonus photo added, the two variants (SS and TS) merrily together","Svenska Flygvapnet. Foto bonus aggiunta: le due varianti, monoposto e biposto, allegramente insieme.",existing/polished
post-0055,SAAB Gripen Single Seater,Svenska Flygvapnet,Svenska Flygvapnet.,existing/polished
post-0056,Iowa class battleship,"Old far east kit, motorized, both null and waterline","Vecchio kit dell’Estremo Oriente, motorizzato, sia a scafo intero sia waterline.",existing/polished
post-0057,Hawker Siddley Harrier T2,"Unusual variant, second hand kit, I had to vac-form the canopy","Variante insolita, kit di seconda mano; ho dovuto termoformare il tettuccio.",existing/polished
post-0058,Convair XFY-1 Pogo,"Weird tail sitter turboprop fighter plane, first (tethered) flight on 19 April 1954. Very difficult to land, it was clearly a dead-end from operability point of view but nevertheless an engineering feat by all means.","Strano caccia turboelica tail-sitter, con primo volo, vincolato, il 19 aprile 1954. Molto difficile da far atterrare: dal punto di vista operativo era chiaramente un vicolo cieco, ma resta comunque una notevole impresa ingegneristica.",existing/polished
post-0059,Boeing SST,"Great old Revell Kit containing the SST plane both in cruise and take-off/landing configuration, superb idea, The variable geometry wing applied to an airliner was really something. | Additionally, look with nostalgia to the old, long-gone PanAm livery which once war synonym of air travel","Splendido vecchio kit Revell che contiene l’SST sia in configurazione di crociera sia in configurazione di decollo e atterraggio: un’idea superba. L’ala a geometria variabile applicata a un aereo di linea era davvero qualcosa di speciale.

In più, guardiamo con nostalgia alla vecchia livrea Pan Am, ormai scomparsa, che un tempo era quasi sinonimo stesso di viaggio aereo.",existing/polished
post-0060,Blohm und Voss Ae607,"Sorry but I wanted to see how this (rather controversial and possibly fictitious)design would look like in 1/32 scale, I should also provide a vac-form canopy to round it up.","Mi spiace, ma volevo vedere che aspetto avrebbe avuto questo progetto, piuttosto controverso e forse immaginario, in scala 1/32. Dovrei anche preparare un tettuccio termoformato per completarlo.",existing/polished
post-0061,General Dynamics F16,"Striking first prototype livery, the official 90-minute maiden flight was made at the Air Force Flight Test Center at Edwards AFB, California, on 2 February 1974, previously an 'unofficial' first flight took place during an high speed taxi test on 29 January!","Livrea del primo prototipo davvero d’impatto. Il volo inaugurale ufficiale di 90 minuti fu effettuato all’Air Force Flight Test Center di Edwards AFB, in California, il 2 febbraio 1974; in precedenza, il 29 gennaio, avvenne un primo volo “non ufficiale” durante una prova di rullaggio ad alta velocità.",existing/polished
post-0062,Lockheed C121 C Constellation,Unusual military USAAC livery,Insolita livrea militare USAAC.,existing/polished
post-0063,Cessna 500 Citation I,Newair Denmark January 2004,"Newair Denmark, gennaio 2004.",existing/polished
post-0064,ASK 21 glider,"Segelflugschüle Zürich 1988 | Another nice glider kit from Revell, the Swiss livery is quite elegant","Segelflugschule Zürich, 1988. Un altro bel kit Revell di aliante; la livrea svizzera è piuttosto elegante.",existing/polished
post-0065,Schempp-Hirth Duo Discus,Segelfluggruppe Bern. Unusual kit of impressive size in this scale (62cm model wingspan) of the high performance glider,"Segelfluggruppe Bern. Kit insolito e di dimensioni notevoli in questa scala, con un’apertura alare del modello di 62 cm, dedicato a un aliante ad alte prestazioni.",existing/polished
post-0066,M12 gun motor carriage,"Nice tiny little kit, this M12 gun carrier can be played in World of Tanks and it is quite good",Bel kit minuscolo; questo semovente M12 si può giocare in World of Tanks ed è piuttosto valido.,existing/polished
post-0067,Alpine A310,"Descendant of the legendary A110, rather futuristic styling, much '70s. Tiny model in this scale","Discendente della leggendaria A110, con una linea piuttosto futuristica e molto anni Settanta. Modello minuscolo in questa scala.",existing/polished
post-0068,Ilyushin Il40p,"Talking about odd looking planes? The double-barrel shotgun appearance is noteworthy, more info under: https://www.youtube.com/watch?v=DtIFHBHrgiU&ab_channel=IHYLS",Parliamo di aerei dall’aspetto strano? L’apparenza da doppietta è notevole. Maggiori informazioni qui: https://www.youtube.com/watch?v=DtIFHBHrgiU&ab_channel=IHYLS #il40,existing/polished
post-0069,Mig 17,Aircraft flown by Luftstreitkräfte der Nationalen Volksarmee - East Germany Brasov AFB 1962,"Aereo pilotato dalla Luftstreitkräfte der Nationalen Volksarmee, Germania Est, base aerea di Brasov, 1962. #mig17",existing/polished
post-0070,Blohm und Voss BV 155 V1,Prototype for an high altitude fighter loosely based on Me 109,Prototipo per un caccia d’alta quota liberamente basato sul Me 109. #1/72 #Airmodel #vacform #Luft46 #BV155,existing/polished
post-0071,Dornier Do217 K1,3./KampfGeschwader 2 'Holzhammer',3./KampfGeschwader 2 “Holzhammer”. #1/72 #Italeri #do217k,existing/polished
post-0072,Dornier Do217 N2,"Ultimate night fighter version of the Do217, streamlined fuselage, 4x20mm 'Schräge Musik' cannons","Versione definitiva da caccia notturno del Do217, con fusoliera aerodinamica e quattro cannoni da 20 mm “Schräge Musik”. #Do217N2 #1/72 #conversion",existing/polished
post-0073,Messerschmitt P1101,,,intentionally-empty
post-0074,Messerschmitt Me163B,,,intentionally-empty
post-0075,Lippisch P13b,Lippisch project for a coal-powered ramjet fighter plane.,Progetto Lippisch per un caccia con statoreattore alimentato a carbone. #1/72 #scratchbuilt #Luft46 #P13b,existing/polished
post-0076,Junkers Ju188 A1,1./KampfGeschwader 66 F5+AT,1./KampfGeschwader 66 F5+AT. #1/72 #Italeri #Ju188,existing/polished
post-0077,Skoda Kauba,"Ramjet-powered interceptor, the pilot laid prone onto the ramjet, Munchausen baron style.... The resin wing, alas, has succumbed to the ravages of time and the oppressive weight, and is now as warped as a particularly wilful corkscrew","Intercettore a statoreattore: il pilota era disteso prono sopra lo statoreattore, in stile Barone di Münchhausen. Ahimè, l’ala in resina ha ceduto alle ingiurie del tempo e al peso opprimente, ed è ormai deformata come un cavatappi particolarmente ostinato. #1/72 #resin #Luft46 #SkodaKauba",existing/polished
post-0078,Blohm&Voss P211,Late war jet fighter design for the 'Jägernotprogramm' | #1/72,Progetto di caccia a reazione di fine guerra per il “Jägernotprogramm”. #1/72 #SpecialHobby #Luft46 #Blohm&VossP211,existing/polished
post-0079,Lippisch P13a with turbojet power,,,intentionally-empty
post-0080,Junkers Ju87 G,,,intentionally-empty
post-0081,Payen Pa22,"A most delightfully mad contraption, if you catch my drift.","Un congegno deliziosamente folle, se mi passate l’espressione. #PayenPa22 #1/72 #resinkit #Luft46",existing/polished
post-0082,Messerschmitt P1106,,,intentionally-empty
post-0083,Messerschmitt Me109 H1,First high altitude version of the Me109,Prima versione d’alta quota del Me109. #1/72 #MPM #Me109H1,existing/polished
post-0084,Focke Wulf Ta154,,,intentionally-empty
post-0085,Mcdonnell F101 Voodoo,,,intentionally-empty
post-0086,Avia S199,Last variant of the Messerschmitt Me109 produced in Czech with Jumo engines,Ultima variante del Messerschmitt Me109 prodotta in Cecoslovacchia con motori Jumo. #1/72 #KOPRO #AviaS199,existing/polished
post-0087,Focke Wulf FW190 A8 'Rammbock',,"Conversione Airfix in caccia d’assalto pesante, Jagdgeschwader 4, novembre 1944. #1/72 #conversion #FW190A8",existing/polished
post-0088,Northrop YF23 A,Intriguing and futuristic look,Aspetto intrigante e futuristico. #1/72 #Italeri #YF23,existing/polished
post-0089,Messerschmitt Me309,"This contraption, conceived as the grand successor to the venerable Me 109, turned out to be, alas, a thoroughly dismal affair—more a feat of engineering folly than a worthy heir to its distinguished predecessor","Questo congegno, concepito come grande successore del venerabile Me 109, si rivelò purtroppo un affare piuttosto deludente: più un esercizio di follia ingegneristica che un degno erede del suo illustre predecessore. #1/72 #HUMA",existing/polished
post-0090,Focke Wulf FW 190 A8 Torpedo Carrier,,,intentionally-empty
post-0091,Messerschmitt Me509,It is quite apparent that the fin area is too small,È piuttosto evidente che la superficie della deriva è troppo piccola. #1/72 #conversion #Me509,existing/polished
post-0092,Focke Wulf Ta154,"I wanted to see how a low-wing Ta154 would look like, in order to improve pilot's visibility. It has to be a tail-sitter otherwise the front undercarriage length would be excessive. Anyway, with all due respect to Prof. Tank, the Mosquito remains unmatched.","Volevo vedere che aspetto avrebbe avuto un Ta154 ad ala bassa, per migliorare la visibilità del pilota. Deve però essere un tail-sitter, altrimenti la lunghezza del carrello anteriore sarebbe eccessiva. In ogni caso, con tutto il rispetto per il professor Tank, il Mosquito resta insuperato. #1/72 #conversion",existing/polished
post-0093,Reggiane Re 2002 'Ariete',6 rosso della 238° Squadriglia 101° Gruppo Tuffatori. 5° Stormo Assalto . Regia Aeronautica Manduria summer 1943,"6 rosso della 238ª Squadriglia, 101° Gruppo Tuffatori, 5° Stormo Assalto, Regia Aeronautica, Manduria, estate 1943. #1/72 #Supermodel #Re2002",existing/polished
post-0094,Heinkel He 100,Unfortunately incomplete,Purtroppo incompleto. #1/72 #MPM #He100,existing/polished
post-0095,Dassault Mirage III Twin Seater,I liked the appearance of the two seater Mirage so I did the conversion with a new vac-formed canopy,"Mi piaceva l’aspetto del Mirage biposto, così ho realizzato la conversione con un nuovo tettuccio termoformato. #1/72 #conversion #MirageIII",existing/polished
post-0096,Arado Ar 96,Personal aircraft of a Geschwader Kommodore,Aereo personale di un Geschwader Kommodore. #1/72 #KOPRO #Ar96,existing/polished
post-0097,SAAB J-29 F Tunnan,"Typical post war fighter design, owing a lot from german designs","Tipico progetto di caccia del dopoguerra, molto debitore ai progetti tedeschi. #1/72 #Matchbox #SAABJ29",existing/polished
post-0098,Focke-Wulf F 19 Ente,"Queer-looking contraption of a passenger plane, what? The dashed thing took to the air like a leaden duck (or maybe not..)","Strano congegno dall’aspetto bizzarro per un aereo passeggeri, eh? Quella dannata cosa si alzò in volo come un’anatra di piombo, o forse no... #1/72 #Airmodel #vacform #FW19",existing/polished
post-0099,Arado Ar396,Evolution of the Arado 96 built with non-strategic materials,Evoluzione dell’Arado 96 costruita con materiali non strategici. #1/72 #Airmodel #vacform #Ar396,existing/polished
post-0100,Gotha Go145,"Night assault aircraft, very clean lines for a biplane","Aereo d’assalto notturno, con linee molto pulite per essere un biplano. #1/72 #resinkit #Go145",existing/polished
post-0101,Messerschmitt Me 209,More on; https://www.youtube.com/watch?v=fWTOW-aZ8TM&ab_channel=EdNash%27sMilitaryMatters,Maggiori informazioni: https://www.youtube.com/watch?v=fWTOW-aZ8TM&ab_channel=EdNash%27sMilitaryMatters,existing/polished
post-0102,Messerschmitt Me109 K4,JG77 'Hertz-As' | Great work by Heller in producing this rare late variant of the Me109!,JG77 “Hertz-As”. Ottimo lavoro da parte di Heller nel produrre questa rara variante tarda del Me109.,existing/polished
post-0103,S.A.I Dardo,Experimental lightweight fighter 1943,Caccia leggero sperimentale del 1943.,existing/polished
post-0104,Heinkel He162 A1,Another innovative (for that time) subject from FROG,"Un altro soggetto innovativo, per l’epoca, proposto da FROG.",existing/polished
post-0105,Focke Wulf FW190 D9,,,existing/polished
post-0106,Heinkel He162 A,"Flown by Emil Demuth 3/JG1, Leck May 1945","Pilotato da Emil Demuth, 3/JG1, Leck, maggio 1945.",existing/polished
post-0107,Junkers Ju388 K,,,existing/polished
post-0108,Bristol Beaufighter,"Impressive model size. Actually, no 'ZH' squadron code exists, 'ZK' was 25th Sqn Sep '4o - Nov '42 but operating from England so camo would not hold.","Modello di dimensioni notevoli. In realtà non risulta esistere alcun codice di squadrone “ZH”; “ZK” apparteneva al 25th Sqn tra settembre 1940 e novembre 1942, ma operava dall’Inghilterra, quindi quella mimetica non sarebbe corretta.",existing/polished
post-0109,Lockheed SR71,"Just assembled, impressive model size",Appena montato; modello di dimensioni davvero notevoli.,existing/polished
post-0110,Citroen Xara WRC,As raced in WRC 2000,Come corse nel WRC 2000.,existing/polished
post-0111,Sukhoi Su35,Impressive aircraft side and loadout,Aereo imponente per dimensioni e carico bellico.,existing/polished
post-0112,Subaru Impreza WRC,,,existing/polished
post-0113,Focke Wulf Ta154 prototype,,,existing/polished
post-0114,Mil Mi 1,,,existing/polished
post-0115,French VBL Armored Car,,,existing/polished
post-0116,Mig 23,,,existing/polished
post-0117,Sukhoi Su 12,"Prototype reconnaissance plane, first flight August 1947",Prototipo di aereo da ricognizione; primo volo nell’agosto 1947.,existing/polished
post-0118,Blohm und Voss P212,"Late war jet fighter project, for the 'Jaegernot Programme' in 1945 for a single jet emergency fighter.","Progetto di caccia a reazione di fine guerra, pensato per il “Jägernotprogramm” del 1945 come caccia monoreattore d’emergenza.",existing/polished
post-0119,North American F-86D Sabre Dog,"1st Fighter Group, 94th Fighter Interceptor Squadron Selfridge Michigan 1959","1st Fighter Group, 94th Fighter Interceptor Squadron, Selfridge, Michigan, 1959.",existing/polished
post-0120,Focke Wulf Ta154 'Single Seater',I wanted to see how a single seater FW154 would look like,Volevo vedere che aspetto avrebbe avuto un FW154 monoposto.,existing/polished
post-0121,Lockheed PV1 Ventura,,,existing/polished
post-0122,Fairey Firefly,No 812 Sqn Fleet Air Arm HMS Glory Korea 1951,"No. 812 Sqn, Fleet Air Arm, HMS Glory, Corea, 1951.",existing/polished
post-0123,Bristol Beaufighter Mk.X,"144th Sqn, RAF Coastal Command Scotland 1944/45","144th Sqn, RAF Coastal Command, Scozia, 1944/45.",existing/polished
post-0124,Messerschmitt Me210,"Incomplete, as deserved by such an unfortunate aircraft","Incompleto, come merita un aereo così sfortunato.",existing/polished
post-0125,Bristol Beaufighter TF X,236Sqn RAF North Coates June 1944,"236 Sqn RAF, North Coates, giugno 1944.",existing/polished
post-0126,25PDR Field Gun & Quad,lovely little roadtrain,Un delizioso piccolo convoglio stradale.,existing/polished
post-0127,Fokker DVII,Unfortunately unfinished,Purtroppo incompiuto.,existing/polished
post-0128,Aero MB200,Bloch MB200 in Czech service. | Mean look indeed,Bloch MB200 in servizio ceco. Aspetto davvero severo.,existing/polished
post-0129,Yamato,The largest battlship in the world,La più grande nave da battaglia del mondo.,existing/polished
post-0130,#1/1200 #Revell,,,existing/polished
post-0131,Bloch MB 210,"Number 233, Vichy Co-belligerant Air Force November 1942 - Clermont-Ferrand","Numero 233, Aeronautica cobelligerante di Vichy, novembre 1942, Clermont-Ferrand.",existing/polished
post-0132,Musashi,,,existing/polished
post-0133,Aircraft Carrier Shinano,"Huge aircraft carrier based on Yamato-class ship. She was sunk en route, 10 days after commissioning, on 29 November 1944, by four torpedoes from the U.S. Navy submarine Archerfish.","Enorme portaerei basata su uno scafo classe Yamato. Fu affondata durante il trasferimento, dieci giorni dopo l’entrata in servizio, il 29 novembre 1944, da quattro siluri del sommergibile statunitense Archerfish.",existing/polished
post-0134,Kamov Ka-52 Alligator,,,existing/polished
post-0135,"10,5-cm-Selbstfahrlafette IV a âDicker Maxâ",,,existing/polished
post-0136,"Panzerselbstfahrlafette für 12,8-cm-Kanone 40 'Sturer Emil'",,,existing/polished
post-0137,Sopwith Camel,Showing a german captured aircraft | Apologies for the incomplete model awaiting rigging,"Rappresenta un aereo tedesco catturato. Mi scuso per il modello incompleto, ancora in attesa dei tiranti.",existing/polished
post-0138,Bell XP77,43-34915 (Jack Woolams) 1944 lightweight fighter proptotype,"43-34915, Jack Woolams, 1944: prototipo di caccia leggero.",existing/polished
post-0139,Nieuport 17,,,existing/polished
post-0140,Mini Convertible,Nice model to show the fully visible interior,Bel modello per mostrare l’abitacolo completamente visibile.,existing/polished
post-0141,Mini Countryman WRC,As raced in WRC 2011 | Nice unusual subject,Come corse nel WRC 2011. Soggetto insolito e molto piacevole.,existing/polished
post-0142,"Trinity House Lightship ""South Goodwin""","Built in 1953, sunk on 26/27th November 1954, more info on https://www.manstonhistory.org.uk/south-goodwin-lightship-disaster-2627th-november-1954/",Costruita nel 1953 e affondata tra il 26 e il 27 novembre 1954. Maggiori informazioni: https://www.manstonhistory.org.uk/south-goodwin-lightship-disaster-2627th-november-1954/,existing/polished
post-0143,Calsonic Nissan Skyline R34,"As raced in 1999 All Japan GT Championship, striking car and livery",Come corse nel campionato All Japan GT 1999: vettura e livrea molto d’impatto.,existing/polished
post-0144,Ferrari F189 F1,Mansell GP Portugal 1989,"Mansell, GP del Portogallo 1989.",existing/polished
post-0145,M10 tank destroyer,,,existing/polished
post-0146,Red Bull Racing RB8,As raced in F1 World Championship 2012,Come corse nel Campionato del Mondo di Formula 1 2012.,existing/polished
post-0147,Mclaren 570S,,,existing/polished
post-0148,Fiesler Fi156 Storch,Awaiting decals for Mussolini Gran Sasso liberation,In attesa delle decals per la liberazione di Mussolini al Gran Sasso.,existing/polished
post-0149,Kanonenjagdpanzer,More info on kit: https://kitchecker.com/reviews_2019_1/revell_03276.htm,Maggiori informazioni sul kit: https://kitchecker.com/reviews_2019_1/revell_03276.htm,existing/polished
post-0150,Vandal,"An absolutely spiffing van design, the brainchild of that genius, Tom Daniels, a veritable triumph of both engineering and artistry. And, as if that weren't enough, he’s gone and included a motorbike for good measure—because, naturally, no self-respecting custom van would be complete without one, what?","Un progetto di van assolutamente splendido, nato dall’inventiva di Tom Daniels: un vero trionfo di ingegneria e fantasia. E, come se non bastasse, include anche una motocicletta, perché naturalmente nessun custom van che si rispetti sarebbe completo senza.",existing/polished
post-0151,Ford Fiesta WRC,As raced in WRC 2011,Come corse nel WRC 2011.,existing/polished
post-0152,90mm Gun Motor Carriage M36 Jackson,,,existing/polished
post-0153,Chevrolet Camaro SS,Modell year 2010. Attractive retro look,Model year 2010. Attraente aspetto rétro.,existing/polished
post-0154,Williams FW-13B,As raced by Riccardo Patrese in 1990 in F1 World Championship,Come corse Riccardo Patrese nel Campionato del Mondo di Formula 1 1990.,existing/polished
post-0155,Ferrari 'La Ferrari',#Kit: Revell | Glamorous supercar,Supercar affascinante.,existing/polished
post-0156,Kamov KA-50 Hokum,Tashkent 1991,"Tashkent, 1991.",existing/polished
post-0157,"Supermarine Spitfire Mk,XIV",349th Squadron late 1945 Fassberg AB,"349th Squadron, fine 1945, base aerea di Fassberg.",existing/polished
post-0158,Ford Thunderbird NASCAR,1994 Model Tide T-Bird Ricky Rudd,Modello 1994 #10 Tide T-Bird di Ricky Rudd.,existing/polished
post-0159,Westland Wyvern,"WZ974 Number 827 Sqn HMS Eagle 1955 | Intriguing look, Trumpeter even provided the gears for the contra-rotating propellers","WZ974, No. 827 Sqn, HMS Eagle, 1955. Aspetto intrigante; Trumpeter ha persino previsto gli ingranaggi per le eliche controrotanti.",existing/polished
post-0160,Matilda MkIII tanl,,,existing/polished
post-0161,E 100 tank,"Menacing huge tank, fresh from factory | Complete story in: https://tanks-encyclopedia.com/e100-entwicklung-100/","Enorme carro dall’aspetto minaccioso, appena uscito dalla fabbrica. Storia completa: https://tanks-encyclopedia.com/e100-entwicklung-100/",existing/polished
post-0162,DeHavilland DH82 Tiger Moth,Number5 Glider Training School RAF Shobdon UK 1943,"No. 5 Glider Training School, RAF Shobdon, Regno Unito, 1943.",existing/polished
post-0163,Panzer I Ausf.F,"Cute little much armored tank, more info on https://tanks-encyclopedia.com/ww2/germany/panzer_i_ausff.php","Piccolo carro molto corazzato, davvero simpatico. Maggiori informazioni: https://tanks-encyclopedia.com/ww2/germany/panzer_i_ausff.php",existing/polished
post-0164,Panzerkampfwagen II Ausf.J,"Heavily armored reconnaissance tank, fitted with working links tracks, I love them","Carro da ricognizione pesantemente corazzato, con cingoli a maglie funzionanti: li adoro.",existing/polished
post-0165,McLaren Honda MP4/7,As raced by Ayrton Senna in 1992,Come corse Ayrton Senna nel 1992.,existing/polished
post-0166,Ford Fusion NASCAR Stock Car,Dcale: 1/24 | #22 Joey Logano Shell Pennzoil,"#22 Joey Logano, Shell Pennzoil.",existing/polished
post-0167,"Panzerselbstfahrlafette für 12,8-cm-Kanone 40 'Sturer Emil'","Only two built, amazingly one survived the war and it is now on display at the tank museum in Moskow",Ne furono costruiti solo due; sorprendentemente uno sopravvisse alla guerra ed è oggi esposto al museo dei carri di Mosca.,existing/polished
post-0168,"8,8 cm PaK 43/1 auf Fgst. Pz.Kpfw. III/IV (SF) Sd.Kfz. 164 'Nashorn'",,,existing/polished
post-0169,Carro Armato C1 Ariete,,,existing/polished
post-0170,Spad XIII,"Markings of the italian fighter ace Francesco Baracca, the prancing horse marking was eventually taken up by Ferrari",Insegne dell’asso italiano Francesco Baracca; il cavallino rampante fu poi ripreso dalla Ferrari.,existing/polished
post-0171,Curtiss SB2C-5 Helldiver,Marina Militare Italiana Corpus Christi NAS 29 Sept 1952,"Marina Militare Italiana, Corpus Christi NAS, 29 settembre 1952.",existing/polished
post-0172,Williams FW 19,As raced in F1 Championship 1997,Come corse nel Campionato di Formula 1 1997.,existing/polished
post-0173,Lotus Ford 107B F1,As raced in F1 Championship 1993,Come corse nel Campionato di Formula 1 1993.,existing/polished
post-0174,Focke Wulf FW190 A8,It was part of the 'Mistel' kit,Faceva parte del kit “Mistel”.,existing/polished
post-0175,Siemens Schuckert SSW DIII,Jasta 15 Chery-le-Pouilly July 1918,"Jasta 15, Chery-le-Pouilly, luglio 1918.",existing/polished
post-0176,Peugeot 405T16GR,1989 Paris Dakar Winner,Vincitrice della Parigi-Dakar 1989.,existing/polished
post-0177,Siemens Schuckert D III,Flown by Ernst Udet JaSta 4 1918,"Pilotato da Ernst Udet, Jasta 4, 1918.",existing/polished
post-0178,Shelby Cobra 427,Nice kit,Bel kit.,existing/polished
post-0179,General Dynamics F16,IAF special livery | Unfortunately incomplete,Livrea speciale IAF. Purtroppo incompleto.,existing/polished
post-0180,Suchoj Su-25 UBK,Czech Air Force,Aeronautica ceca.,existing/polished
post-0181,Suchoj Su-25 K,Pretty Czech Air Force special livery,Bella livrea speciale dell’Aeronautica ceca.,existing/polished
post-0182,Ford Focus WRC,"WRC season 2000, driver: Colin McRae","Stagione WRC 2000, pilota Colin McRae.",existing/polished
post-0183,Newman Haas Lola T93/00 Ford Havoline,As raced in 1993 CART Championship,Come corse nel campionato CART 1993.,existing/polished
post-0184,Ford Focus Rallye WRC,WRC 1999 livery,Livrea WRC 1999.,existing/polished
post-0185,Lancia 037,Acropolis Rally Winner 1983,Vincitrice del Rally dell’Acropoli 1983.,existing/polished
post-0186,Mercedes CLK GTR,Raced at 1997 24 Hours of LeMans,Corse alla 24 Ore di Le Mans 1997.,existing/polished
post-0187,Peugeot 206 WRC,Raced in WRC 1999,Corse nel WRC 1999.,existing/polished
post-0188,Douglas SBD-5E Dauntless,VMSB 231 South Pacific 1944,"VMSB-231, Pacifico meridionale, 1944.",existing/polished
post-0189,Fairchild A10 Twin Seat,"Rare bird, only one built, see more at | https://theaviationgeekclub.com/the-story-of-the-ya-10b-formerly-night-adverse-weather-a-10-the-only-the-only-two-seat-warthog-ever-built/",Uccello raro: ne fu costruito uno solo. Maggiori informazioni: https://theaviationgeekclub.com/the-story-of-the-ya-10b-formerly-night-adverse-weather-a-10-the-only-the-only-two-seat-warthog-ever-built/,existing/polished
post-0190,Volvo 850,"Ingenious notion, what? Hurtling a saloon car round at a blistering pace—it fairly sets the old spirit aflutter","Idea geniale, vero? Lanciare una berlina a velocità furibonda in pista fa davvero vibrare lo spirito.",existing/polished
post-0191,Alfa Romeo 155 V6 TI,"By Jove, the Jaegermeister livery never fails to tickle the retinas with its positively corking brilliance! | #1/24 Romeo","Per Giove, la livrea Jägermeister non manca mai di deliziare la retina con il suo splendore assolutamente irresistibile.",existing/polished
post-0192,Toyota Cerumo EXIV JTCC,As raced in JTCC 1995,Come corse nel JTCC 1995.,existing/polished
post-0193,Grumman F3F-3,"VF-5 1938 - USS Yorktown | Intriguing kit, even providing working retractable undercarriage. Lovely pre-war livery","VF-5, 1938, USS Yorktown. Kit intrigante, con carrello retrattile funzionante. Bellissima livrea prebellica.",existing/polished
post-0194,Tyrrell 008,Raced in 1978 F1 season,Corse nella stagione di Formula 1 1978.,existing/polished
post-0195,Dodge Viper,More info on: https://www.youtube.com/watch?v=HIrJfwS-JDQ&ab_channel=CudaCody,Maggiori informazioni: https://www.youtube.com/watch?v=HIrJfwS-JDQ&ab_channel=CudaCody,existing/polished
post-0196,Toyota Corolla WRC,,,existing/polished
post-0197,Fiat 131 Abarth,Winner of MonteCarlo Rallye 1980,Vincitrice del Rally di Monte Carlo 1980.,existing/polished
post-0198,Porsche 911 996 Carrera,Built 1998-2005,Prodotta dal 1998 al 2005.,existing/polished
post-0199,Aston Martin DBR9,"Classic Gulf livery, as raced in the 24 Hours of Le Mans","Classica livrea Gulf, come corse alla 24 Ore di Le Mans.",existing/polished
post-0200,Isuzu Vehicross,"Incrediby advanced and personal style, actually series produced. However, 2-door SUVs are not popular. | More info at: https://www.youtube.com/watch?v=ZOszin9227Q&t=17s&ab_channel=DougDeMuro","Stile incredibilmente avanzato e personale, eppure effettivamente prodotto in serie. Tuttavia, i SUV a due porte non sono molto popolari. Maggiori informazioni: https://www.youtube.com/watch?v=ZOszin9227Q&t=17s&ab_channel=DougDeMuro",existing/polished
post-0201,Ferrari Testarossa,Metal kit,Kit in metallo.,existing/polished
post-0202,McLaren Mercedes MP4-20,"Raced in 2005 F1 championship, driver Kimi Raikkonen","Corse nel campionato di Formula 1 2005, pilota Kimi Räikkönen.",existing/polished
post-0203,Vought Corsair F4U-4,"Conversion to the much nicer version, new 4-blade propeller and cowling chin intake","Conversione alla versione molto più gradevole, con nuova elica quadripala e presa d’aria inferiore della cappottatura.",existing/polished
post-0204,Eurofighter Typhoon Twin Seater,The model shows a RAF aircraft on the production line before painting,"Il modello mostra un velivolo RAF sulla linea di produzione, prima della verniciatura.",existing/polished
post-0205,FIAT G91 Y,"Improved twin engined version of the G91, much nicer","Versione bimotore migliorata del G91, molto più bella.",existing/polished
post-0206,Gloster Meteor NF 14,264 Sq Linton-on-Duse UK 1957 | Beautiful kit with optional canopies and radomes,"264 Sqn, Linton-on-Ouse, Regno Unito, 1957. Bel kit con tettucci e radome opzionali.",existing/polished
post-0207,Pontiac Firebird,Unusual scale,Scala insolita.,existing/polished
post-0208,Fokker DVII,"Lt. Günther von Büren , Jasta 18, Montingen September 1918 | https://www.facebook.com/photo/?fbid=945304484281153&set=a.459597029518570","Lt. Günther von Büren, Jasta 18, Montingen, settembre 1918. https://www.facebook.com/photo/?fbid=945304484281153&set=a.459597029518570",existing/polished
post-0209,"Douglas/Northrop Gamma 2A ""Sky Chief""","Frank Hawks flew his Northrop Gamma 2A ""Sky Chief"" from Los Angeles to New York in a record 13 hours, 26 minutes, and 15 seconds on June 2, 1933. | Model by Franco Donati","Frank Hawks volò con il suo Northrop Gamma 2A “Sky Chief” da Los Angeles a New York in un tempo record di 13 ore, 26 minuti e 15 secondi il 2 giugno 1933. Modello di Franco Donati.",existing/polished
post-0210,Mini Cooper,So nice with Union Jack on the roof,Molto graziosa con la Union Jack sul tetto.,existing/polished
post-0211,Reynard 98i Honda Target Indycar,"Chip Ganassi team , driver Alex Zanardi winner of CART championship 1996","Team Chip Ganassi, pilota Alex Zanardi, vincitore del campionato CART 1996.",existing/polished
post-0212,North American P51 B Mustang,Flown by ace Lt. Don Gentile | Colorful markings,Pilotato dall’asso Lt. Don Gentile. Insegne molto colorate.,existing/polished
post-0213,Panavia Tornado,Model by Franco Donati,Modello di Franco Donati.,existing/polished
post-0214,Audi A4 DTM,As racd in DTM 2009 by Tom Kristensen,Come corse nel DTM 2009 con Tom Kristensen.,existing/polished
post-0215,STRV 103 C,,,existing/polished
post-0216,Ferrari F2007,"As raced in 2007 by Kimi Raikkonen, World Champion that year. | Note the peculiar Ferrari red used in 2007","Come corse nel 2007 con Kimi Räikkönen, campione del mondo quell’anno. Da notare il particolare rosso Ferrari usato nel 2007.",existing/polished
post-0217,Messecrschmitt Me109 E,Flown by Helmut Wick Geschwader Kommodore JG2 'Richtofen'. | Second kit of the iconic Airfix 1/24 series,"Pilotato da Helmut Wick, Geschwaderkommodore del JG2 “Richthofen”. Secondo kit della mitica serie Airfix in scala 1/24.",existing/polished
post-0218,Grumman F6F-3 Hellcat,"Late war livery, more on https://www.youtube.com/watch?v=JUziAyx6hG4",Livrea di fine guerra. Maggiori informazioni: https://www.youtube.com/watch?v=JUziAyx6hG4,existing/polished
post-0219,Subaru Impreza WRC 99,Subaru World Rally Team 5 (Burns/Reid) Mai 1999 Tour de Corse - Rally de France - Corse FR (Result: 7th) | Very attractive livery,"Subaru World Rally Team 5 (Burns/Reid), maggio 1999, Tour de Corse - Rally de France, Corsica. Risultato: 7° posto. Livrea molto attraente.",existing/polished
post-0220,Ford GT90,"Interesting styling, more on: https://www.youtube.com/watch?v=DVva06i2mHM",Stile interessante. Maggiori informazioni: https://www.youtube.com/watch?v=DVva06i2mHM,existing/polished
post-0221,M3 Lee tank,,,existing/polished
post-0222,U.S. Multiple Gun M16 Half-Track,Factory fresh,Appena uscito dalla fabbrica.,existing/polished
post-0223,M551 Sheridan Tank,More on: https://www.youtube.com/watch?v=EWhYSuO_F64&ab_channel=DEVGRU5022,Maggiori informazioni: https://www.youtube.com/watch?v=EWhYSuO_F64&ab_channel=DEVGRU5022,existing/polished
post-0224,Calsonic Nissan Skyline R34,Raced in 1999 All Japan GT Championship,Corse nel campionato All Japan GT 1999.,existing/polished
post-0225,Honda NSX Avex Group,,,existing/polished
post-0226,Scammell Scarab,"The Scammell Scarab was a British three-wheeled ""mechanical horse"" used primarily for light goods transport, especially in urban areas, starting from the 1940s into the 1960s. It was often seen hauling trailers like the one in this model, frequently transporting goods such as barrels and other cargo. | More on: https://www.youtube.com/watch?v=GkwEfeE6GGs&ab_channel=ClassicVehicleChannel | One of the first kits I remember","Lo Scammell Scarab era un “cavallo meccanico” britannico a tre ruote, usato soprattutto per trasporti leggeri in città dagli anni Quaranta agli anni Sessanta. Spesso trainava rimorchi come quello di questo modello, con merci come barili e altri carichi. Maggiori informazioni: https://www.youtube.com/watch?v=GkwEfeE6GGs&ab_channel=ClassicVehicleChannel. Uno dei primi kit che ricordo.",existing/polished
post-0227,STRV 103 C tank,Swedish tank,Carro svedese.,existing/polished
post-0228,Messerschmitt Me410,The 9k code should belong to KG51 Edelweiss,Il codice 9K dovrebbe appartenere al KG51 Edelweiss.,existing/polished
post-0229,Tupolev Tu-95 Bear D,,,existing/polished
post-0230,Grumman F4F-3 Wildcat,Unusual livery,Livrea insolita.,existing/polished
post-0231,Chevrolet Corvette C6-R,Le Mans GT class winner 2006,Vincitrice della classe GT a Le Mans nel 2006.,existing/polished
post-0232,Nissan GT-R,Interesting car and nice livery | More on: https://www.youtube.com/watch?v=gsW39P0bgaM,Auto interessante e bella livrea. Maggiori informazioni: https://www.youtube.com/watch?v=gsW39P0bgaM,existing/polished
post-0233,Alfa Romeo GTV,Car introduced in 1996,Auto introdotta nel 1996.,existing/polished
post-0234,Shelby Series 1,About the car: https://www.youtube.com/watch?v=CyfdCS3deDc&ab_channel=RareCars,Sull’auto: https://www.youtube.com/watch?v=CyfdCS3deDc&ab_channel=RareCars,existing/polished
post-0235,Grumman S2F-1 Tracker,SV:VS20 USS Princeton 1956,"SV:VS20, USS Princeton, 1956.",existing/polished
post-0236,Lockheed P-2H Neptune,4th Wing 3rd Squadron | Big model and eye-catching livery,"4th Wing, 3rd Squadron. Modello grande e livrea molto appariscente.",existing/polished
post-0237,Focke-Achgelis Fa 223,Operational helicopter in WW2 | Delicate kit,Elicottero operativo nella Seconda guerra mondiale. Kit delicato.,existing/polished
post-0238,Grumman F14 Tomcat,Unfortunately no decals. Huge model in this scale,Purtroppo senza decals. Modello enorme in questa scala.,existing/polished
post-0239,Porsche 936/78,As raced at the 24 hours of LeMans in 1978. The rear wing with winglets was amazing from an aerodynamicist's point of view,Come corse alla 24 Ore di Le Mans nel 1978. L’ala posteriore con winglets era magnifica dal punto di vista aerodinamico.,existing/polished
post-0240,Peugeot 905,Raced at LeMans 1990 | Interestic aerodynamic concept for the time,Corse a Le Mans nel 1990. Concetto aerodinamico interessante per l’epoca.,existing/polished
post-0241,Peugeot 206 WRC,Interesting subject in this small scale,Soggetto interessante in questa piccola scala.,existing/polished
post-0242,Jaguar XJR-9 LM,Cute little model with beautifül livery,Piccolo modello grazioso con una livrea bellissima.,existing/polished
post-0243,Sauber Mercedes C9,Group C Championship 1988-89,Campionato Gruppo C 1988-89.,existing/polished
post-0244,Yakovlev Yak 1,,,existing/polished
post-0245,Hawker Sea Fury T61 Iraq,(Royal Iraqi Air Force 1931-1958) 1 Sqn. Habbaniya | #1/72 PM Models,"Royal Iraqi Air Force, 1931-1958, 1 Sqn, Habbaniya.",existing/polished
post-0246,"BMW M3 DTM 2012 ""Martin Tomczyk""","DTM 2012 ""Martin Tomczyk"" | Iconic BMW Motorsport livery","DTM 2012, Martin Tomczyk. Iconica livrea BMW Motorsport.",existing/polished
post-0247,Jordan-Mugen AJ 10,As raced in F1 world championship 1999 | #1/24 10,Come corse nel Campionato del Mondo di Formula 1 1999.,existing/polished
post-0248,Renault RE30 F1,"Raced in 1982 F1 season Renault F1 Team 15 (Alain Prost) Juli 1982 French Grand Prix - Circuit Paul Ricard Le Castellet, Var (Result: 2)","Corse nella stagione di Formula 1 1982: Renault F1 Team 15, Alain Prost, luglio 1982, GP di Francia, Circuit Paul Ricard, Le Castellet. Risultato: 2°.",existing/polished
post-0249,AMG Mercedes C Klasse Salzgitter,HWA Team 10 (Gary Paffett) 2009,"HWA Team 10, Gary Paffett, 2009.",existing/polished
post-0250,Tyrrell P34,"First National City Bank, Elf Team Tyrrell 4 (Patrick Depailler) Mai 1977 Monaco Grand Prix - Monaco MC (Result: DNF) | Testimony of bygone creativity in Formula One","First National City Bank, Elf Team Tyrrell 4, Patrick Depailler, maggio 1977, GP di Monaco. Risultato: ritirato. Testimonianza di una creatività ormai passata in Formula Uno.",existing/polished
post-0251,Jaguar XJR-9 LM,"Raced at LeMans in 1998, unusual lines and colorful livery",Corse a Le Mans nel 1998; linee insolite e livrea colorata.,existing/polished
post-0252,Dassault Mirage III C,Beautiful kit in this big scale,Bel kit in questa grande scala.,existing/polished
post-0253,SSN Typhoon submarine,,,existing/polished
post-0254,Messerschmitt Me262 modified,The 262 looks much better with forward cockpit and probably could reach higher Mach number with lower wave drag (better 'area rule' values),"Il 262 appare molto meglio con l’abitacolo avanzato e probabilmente avrebbe potuto raggiungere numeri di Mach più elevati grazie a una minore resistenza d’onda, con valori migliori secondo la “regola delle aree”.",existing/polished
post-0255,Sukhoi S37 Berkut,Sukhoi Design Bureau 1977,"Sukhoi Design Bureau, 1977.",existing/polished
post-0256,Kamov Ka-58,"Fictitious stealth helicopter, very cool","Elicottero stealth immaginario, davvero molto bello.",existing/polished
post-0257,AUDI R10 TDI,"LeMans winner 2006 Biela Pirro Werner, turbodiesel engine","Vincitrice a Le Mans 2006 con Biela, Pirro e Werner; motore turbodiesel.",existing/polished
post-0258,Messerschmitt Me262 'Evo',Ultimate evolution of the Me262 airframe with engines in the wing roots and cockpit incorporated in the fin,"Evoluzione estrema della cellula del Me262, con motori alle radici alari e abitacolo incorporato nella deriva.",existing/polished
post-0259,Ferrari F60,Raced in year 2009 see https://www.wixy500.com/build-diary-2009-ferrari-f60-tamiya-120-scale/ for more info,Corse nel 2009; per maggiori informazioni: https://www.wixy500.com/build-diary-2009-ferrari-f60-tamiya-120-scale/,existing/polished
post-0260,Avia B35,,,existing/polished
post-0261,IS-2 Soviet experimental fighter,Incredible russian biplane with retractable lower wing!,Incredibile biplano russo con ala inferiore retrattile.,existing/polished
post-0262,Alfa Romeo 1933,Cute little kit,Piccolo kit grazioso.,existing/polished
post-0263,Lotus 79,"Thze famous 'Black Beauty' in all its glory, winner of thr 1978 F1 Championship, at a time when all F1 cars were different one to the other, contrary to today","La famosa “Black Beauty” in tutto il suo splendore, vincitrice del Campionato di Formula 1 1978, in un’epoca in cui le F1 erano tutte diverse tra loro, al contrario di oggi.",existing/polished
post-0264,Fokker DXXI,,,existing/polished
post-0265,Breguet Atlantic,Big model,Modello grande.,existing/polished
post-0266,Lotus Esprit,"Beautiful iconic car. Unusual scale, unfortunately incomplete,",Bellissima auto iconica. Scala insolita; purtroppo incompleta.,existing/polished
post-0267,Lotus STP Turbine Indy Car,"The Lotus 56 was designed by Maurice Philippe as Lotus 1968 entry in the Indianapolis 500, replacing the successful Lotus 38. Based on Parnelli Jones' STP Granatelli turbine car that almost won in 1967, Colin Chapman's team again produced an even more innovative design. The 56 was shaped like a wedge on wheels, in the same vein as the later Lotus 72, which was also designed by Philippe and Chapman. The engine of the 56 was also noteworthy, as it was a Pratt & Whitney gas turbine engine of over 500 bhp. To get the best out of the power produced, the 56 was fitted with four wheel drive, something also used on the Lotus 63 without success. In the race Joe Leonard was leading with ease with just a handful of laps to go when the engine failed. Lotus' innovation incurred the wrath of the governing body of American Motorsports, and USAC deemed turbine cars and four wheel drive illegal shortly after, much to Chapman's frustration.","La Lotus 56 fu progettata da Maurice Philippe come vettura Lotus per la 500 Miglia di Indianapolis 1968, sostituendo la fortunata Lotus 38. Basata sulla vettura a turbina STP Granatelli di Parnelli Jones, che aveva quasi vinto nel 1967, il team di Colin Chapman produsse un progetto ancora più innovativo. La 56 aveva una forma a cuneo su ruote, nello stesso spirito della successiva Lotus 72, anch’essa progettata da Philippe e Chapman. Il motore era una turbina a gas Pratt & Whitney da oltre 500 hp; per sfruttarne al meglio la potenza, la vettura aveva la trazione integrale, usata anche sulla Lotus 63 senza successo. In gara Joe Leonard era saldamente in testa a pochi giri dal termine quando il motore cedette. L’innovazione Lotus irritò l’ente regolatore americano, e poco dopo l’USAC dichiarò illegali le vetture a turbina e la trazione integrale, con grande frustrazione di Chapman.",existing/polished
post-0268,Focke Wulf FW187 Falke,"Slek, elegant twin engine fighter aircraft",Caccia bimotore elegante e slanciato.,existing/polished
post-0269,Vickers Wellesley Mk1,Huge wingspan aircraft,Aereo dall’enorme apertura alare.,existing/polished
post-0270,PZL P-23 B Karas,"55 Escadrille Brig de Bombardment 1939 | Note the asymmetric national insigna, allegedly aimed to confound the attacker","55 Escadrille, Brig de Bombardment, 1939. Da notare le insegne nazionali asimmetriche, presumibilmente pensate per confondere l’attaccante.",existing/polished
post-0271,Westland Wessex HU-5,No. 845 NAS B-N/XT456 1966 - HMS Bulwark,"No. 845 NAS, B-N/XT456, 1966, HMS Bulwark.",existing/polished
post-0272,NS Savannah,"First nuclear-powered merchant ship launched on July 21, 1959","Prima nave mercantile a propulsione nucleare, varata il 21 luglio 1959.",existing/polished
post-0273,Junkers F13,Deutsche Luft Hansa AG,Deutsche Luft Hansa AG.,existing/polished
post-0274,Beechcraft C-45 Expeditor,US Navy Shanghai China 1945,"US Navy, Shanghai, Cina, 1945.",existing/polished
post-0275,Piper L4 Cub,9676/39-F Juni 1944 World War 2»Operation Overlord - Normandy FR | #1748 L4,"9676/39-F, giugno 1944, Seconda guerra mondiale, Operazione Overlord, Normandia, Francia.",existing/polished
post-0276,Noorduyn Norseman UC 64 A,"320 Transport Squadron, 27 Transport Group 35389/Stella Mac (SPLM C.S. Webster/FYC ME Janus) 1945 - Le Bourget. Floats were also provided in the kit","320 Transport Squadron, 27 Transport Group, 35389 “Stella Mac” (SPLM C.S. Webster/FYC M.E. Janus), 1945, Le Bourget. Il kit forniva anche i galleggianti.",existing/polished
post-0277,Mazda 787B,"Mazda 787B LeMans 1991 winner with Weidler, Herbert, Gachot. Historic win of a rotary engine car","Mazda 787B, vincitrice a Le Mans 1991 con Weidler, Herbert e Gachot. Storica vittoria di un’auto con motore rotativo.",existing/polished
post-0278,Junkers Ju88 G,Also shown a huge warhead for the 'mistel' version,È mostrata anche un’enorme testata per la versione “Mistel”.,existing/polished
post-0279,FIAT BR20/M Cicogna,Regia Aeronautica CAI Belgium 1941,"Regia Aeronautica, CAI, Belgio, 1941.",existing/polished
post-0280,Beechcraft AT-11 Kansan,First attempt to highlight different natural metal panels,Primo tentativo di evidenziare pannelli in metallo naturale differenti.,existing/polished
post-0281,Toyota GT One TS020,As raced in LeMans in yar 2000,Come corse a Le Mans nell’anno 2000.,existing/polished
post-0282,Bugatti Type 35B,#1/32 Áirfix,,existing/polished
post-0283,Opel Astra V8 Coupe,Drover Manuel Reuter | The working gull wing doors of the motel are amazing,Pilota Manuel Reuter. Le portiere ad ala di gabbiano funzionanti del modello sono notevoli.,existing/polished
post-0284,Bristol 170 Superfreighter,"My first kit memory, but I unfortunately played with-and destroyed- the first one","Il mio primo ricordo di un kit, ma purtroppo con il primo esemplare ci giocai e lo distrussi.",existing/polished
post-0285,Toyota Soarer 4.0 GT Limited,Model year 1991,Model year 1991.,existing/polished
post-0286,Surtees TS16/03 F1,GP Silverstone 7 April 1974,"GP di Silverstone, 7 aprile 1974.",existing/polished
post-0287,Mclaren Mercedes MP4-25,Raced in 2010 F1 championship season,Corse nella stagione del Campionato di Formula 1 2010.,existing/polished
post-0288,Ferrari F1 2000,Raced in F1 Championsip season of yar2000,Corse nella stagione del Campionato di Formula 1 dell’anno 2000.,existing/polished
post-0289,Mercedes Benz W 163,Raced in 1939,Corse nel 1939.,existing/polished
post-0290,McLaren Mercedes MP4-20,"Raced in 2005 F1 championship season, driver Kimi Raikkonen","Corse nella stagione del Campionato di Formula 1 2005, pilota Kimi Räikkönen.",existing/polished
post-0291,Ferrari F10 (800th Ferrari F1 race),"Nice car lines. The Livery is celebrating Ferrari's 800th F1 grand prix race, Raced in 2010 F1 season",Belle linee della vettura. La livrea celebra l’800° Gran Premio di Formula 1 della Ferrari; corse nella stagione 2010.,existing/polished
post-0292,Porsche 936-78,"Gorgeour aerodynamic devlopment of the Porsche 935, LeMans 1978","Splendido sviluppo aerodinamico della Porsche 935, Le Mans 1978.",existing/polished
post-0293,Porsche 911 GT2 Taisan,As raced in 1995 Japanese GT Car Championship,Come corse nel Campionato GT giapponese 1995.,existing/polished
post-0294,Honda RC211V Repsol,"Great winning bike, impressive huge size kit","Grande moto vincente, kit enorme e davvero impressionante.",existing/polished
post-0295,Dodge Sidewinder Show Truck,https://www.youtube.com/watch?v=HRuSEQCXun0&ab_channel=JoshBrinson,Maggiori informazioni: https://www.youtube.com/watch?v=HRuSEQCXun0&ab_channel=JoshBrinson,existing/polished
post-0296,Renault R23 F1,2003 F1 championship,Campionato di Formula 1 2003.,existing/polished
post-0297,BMW Sauber F1,1996 F1 Championship Nick Heidfeld,"Campionato di Formula 1 1996, #16 Nick Heidfeld.",existing/polished
post-0298,Subaru Impreza WRC,WRC season 2000,Stagione WRC 2000.,existing/polished
post-0299,Austin Healey Sprite,50 years btwen the two,Cinquant’anni tra le due.,existing/polished
post-0300,Mitsubishi Lancer Evo 6,T. Makinen R. Mannisenmaki Monecarlo rally winner 18-21 Jan 2001,"T. Mäkinen / R. Mannisenmäki, vincitrice del Rally di Monte Carlo, 18-21 gennaio 2001.",existing/polished
post-0301,Ford Focus WRC,Yar 2000 livery,Livrea anno 2000.,auto-draft
post-0302,Peugeot 205 Paris Dakar,Impressive tranformation of a Peigeot 205 with longer wheelbase and mid ngine | https://www.youtube.com/watch?v=ivIvEkNQRio,"Notevole trasformazione di una Peugeot 205 con passo allungato e motore centrale.
Maggiori informazioni: https://www.youtube.com/watch?v=ivIvEkNQRio",auto-draft
post-0303,Ferrari F2005,2005 F1 world championship season,Stagione 2005 del Campionato del Mondo di F1.,auto-draft
post-0304,Peugeot 307 WRC,WRC 2004 driver Markus Grönholm,"WRC 2004, pilota Markus Grönholm.",auto-draft
post-0305,Lancia Delta S4,Rallye des Garrigues Midi Libre Nimes 1986,Rallye des Garrigues Midi Libre Nimes 1986.,auto-draft
post-0306,Citroen Xara WRC,Safari Rally 2002,Safari Rally 2002.,auto-draft
post-0307,Ducati Desmosedici,Huge bautiful model,Modello grande e bello.,auto-draft
post-0308,Panasonic Toyota Racing TF102,"Formula One-Season 2002, Allan MsNish","Stagione di Formula 1 2002, Allan MsNish.",auto-draft
post-0309,Ferrari 126 C2,Best car of the 1982 F1 championship but unlucky,Best auto del 1982 campionato di F1 but unlucky.,auto-draft
post-0310,MV Agusta F4,Amazing motorbike and nice kit,Amazing moto e bel kit.,auto-draft
post-0311,Ducati 999 F03,"Nice assembled metal model, beautiful livery","Livrea Nice assembled metal modello, beautiful.",auto-draft
post-0312,Ford Mustang Probe Zakspeed GTP,1986 IMSA,IMSA 1986.,auto-draft
post-0313,Yamaha YZR 500,Norike Abe LeMans 20 May 2001,Norike Abe Le Mans 20 maggio 2001.,auto-draft
post-0314,Ducati Desmosedici,Troy Bayliss 2003,Troy Bayliss 2003.,auto-draft
post-0315,Honda NSR 500 Repsol,Valentino Rossi Italian Grand Prix Mugello 2 June 2002,Valentino Rossi Italian Gran Premio Mugello 2 giugno 2002.,auto-draft
post-0316,Honda NSR 500,Rossi 2001,Rossi 2001.,auto-draft
post-0317,Honda Nsr 500,Loris Capirossi 2001,Loris Capirossi 2001.,auto-draft
post-0318,Benetton F1,"Driver: Thierry Boutsen, Spa Francorchamps 1988","Pilota: Thierry Boutsen, Spa Francorchamps 1988.",auto-draft
post-0319,McLaren MP4,F1 championship 1985,Campionato di F1 1985.,auto-draft
post-0320,Citroen ZX Paris Dakar,,,intentionally-empty
post-0321,4WD,,,intentionally-empty
post-0322,Porsche Carrera Cabrio,,,intentionally-empty
post-0323,Mini Cooper,"The old classic revisited, nice car","Il vecchio classico rivisitato, bella auto.",auto-draft
post-0324,Honda NSR 500,Valentino Rossi 2001 | Cute tiny little kit,"Valentino Rossi 2001.
Piccolo kit grazioso.",auto-draft
post-0325,Hawker Typhoon,Added bubble canopy and paddle blade propeller,Added bubble tettuccio e paddle blade elica.,auto-draft
post-0326,Jordan 191,Driver Andera DeCesaris F1 World Championship 1991,Pilota: Andera DeCesaris F1 World Championship 1991.,auto-draft
post-0327,Northrop B2 bomber,Detailed decal markings,Detailed decal insegne.,auto-draft
post-0328,Mercedes Benz SLS AMG,Sports coupe with iconic gull-wing doors,Sports coupe con iconic gull-ala doors.,auto-draft
post-0329,Chevrolet SSR (Super Sport Roadster),"2003 retro-style pickup, rather original | https://www.youtube.com/watch?v=0-eWzZuXUQg&t=948s&ab_channel=DougDeMuro | https://www.youtube.com/watch?v=JSQABPZ8y_8&ab_channel=Saabkyle04 | https://www.youtube.com/watch?v=kKM8I6G_dQw&ab_channel=TFLclassics","2003 stile rétro pickup, piuttosto originale.
Maggiori informazioni: https://www.youtube.com/watch?v=0-eWzZuXUQg&t=948s&ab_channel=DougDeMuro
Maggiori informazioni: https://www.youtube.com/watch?v=JSQABPZ8y_8&ab_channel=Saabkyle04
Maggiori informazioni: https://www.youtube.com/watch?v=kKM8I6G_dQw&ab_channel=TFLclassics",auto-draft
post-0330,"British Armored Scout Car ""Dingo"" Mk.II",,,intentionally-empty
post-0331,Nissan R390 GT1,Raced at LeMans in 1997,Corse una Le Mans nel 1997.,auto-draft
post-0332,Volkswagen Touareg,Kleinschmidt-Pons. Paris-Dakar 2001 winner | Snap-on kit. very colorful,"Vincitrice Kleinschmidt-Pons. Paris-Dakar 2001.
Snap-on kit. very colorata.",auto-draft
post-0333,Dome 0 RL LeMans,"Raced at LeMans in 1979 Info: https://www.carthrottle.com/post/rzokmkm/ | Unfortunately, decals were missing from the kit box","Corse una Le Mans nel 1979 Info: https://www.autothrottle.com/post/rzokmkm/.
Purtroppo nella scatola del kit mancavano le decals.",auto-draft
post-0334,Ferrari 612 Scaglietti,,,intentionally-empty
post-0335,Renault F1 2004,2003 F1 season 7 Jarno Trulli,"Stagione F1 2003, 7 Jarno Trulli.",auto-draft
post-0336,E50 tank,Late war german medium tank design | Experimenting with camo net,"Di fine guerra tedesco medium autoro progetto.
Experimenting con mimetica net.",auto-draft
post-0337,T54A Model 1951,marking as from soviet Russia invasion of Czechoslovakia Prague 20 August 1968,marking as da soviet Russia invasion di Czechoslovakia Praga 20 agosto 1968.,auto-draft
post-0338,Yamaha YZF-R,revolutionary style with double headlight,revolutionary style con double headlight.,auto-draft
post-0339,Albatross DV,Cute little kit I have to check the company,Piccolo kit grazioso devo controllare il company.,auto-draft
post-0340,Supermarine Spiteful,,,intentionally-empty
post-0341,Fisher P-75A Eagle,"Heavy fighter prototype | Another natural metal cutie, that's more like it","Heavy figther prototipo.
Un altro metallo naturale cutie, che's more like lo.",auto-draft
post-0342,Grumman X-29A,"Forward swpt wing test A/C, first flight 14. December 1984","Forward swept ala test aereo, primo volo 14. dicembre 1984.",auto-draft
post-0343,BT 7A Tank,#1/35 Express,#1/35 Express.,auto-draft
post-0344,"12,8-cm-Selbstfahrlafette L/61 (Pz.Sfl. V) 'Sturer Emil'",,,intentionally-empty
post-0345,"10,5-cm-Selbstfahrlafette IV a âDicker Maxâ",,,intentionally-empty
post-0346,McLaren Honda MP4/5B,Driven by Ayrton Senna in 1990 | F1 season,"Guidata da Ayrton Senna in 1990.
Stagione di F1.",auto-draft
post-0347,BMW M6 GT3,As raced in 2016,Come corse nel 2016.,auto-draft
post-0348,B.A.C. Lightning F.6,The overwing jettisonable tanks are unique,Il sopra l’ala jettisonable tanks sono unique.,auto-draft
post-0349,Gloster Javelin,,,intentionally-empty
post-0350,Breguet 1050 Alize,"Funny shape, unusual kit subject","Buffa forma, insolito kit soggetto.",auto-draft
post-0351,De Havilland Sea Hornet NF 21,Fleet Requirements Unit VW967 1953 - Hurn Airport | Beautiful a/c lines,"Fleet Requirements Unit VW967 1953 - Hurn Airport.
Bella aereo linee.",auto-draft
post-0352,Stug E-100,"Assault gun project with a huge gun, side camo attempring to resemble a brick wall","Cannone d’assalto progetto con una enorme gun, side mimetica attempting una resemble una brick wall.",auto-draft
post-0353,Krupp Ardelt Waffentraeger 88mm PAK-43,Proposal for an antitank self propelled gun,Proposta per una antiautoro semovente.,auto-draft
post-0354,Bell YFM-1B Airacuda,"Prototype of heavy fighter, September 1937 quite a novel shape, alu finish in all its glory","Prototipo di heavy figther, settembre 1937 piuttosto una novel forma, alu finitura in tutto il suo splendore.",auto-draft
post-0355,Handley Page Jetstream,"Finally a way to correctly represent bare aluminum in models using kitchen foil, quite happy about that","Finally una way una correctly represent alluminio naturale in modellos using kitchen foil, piuttosto happy about che.",auto-draft
post-0356,Nieuport 17,Lieutnant Charles Nungesser Escadrille N.65 winter 1916,Lieutnant Charles Nungesser Escadrille N.65 inverno 1916.,auto-draft
post-0357,SIAI-MARCHETTI SF-260 AM,"Beautiful a/c lines, reproduced by a cute tiny little kit","Bella aereo linee, reproduced by una grazioso minuscolo piccolo kit.",auto-draft
post-0358,North American P51 D Mustang,"IMHO the model shape resembles more a P51 H, the model can well be 70 years old | Model by Franco Donati","IMHO il modello forma resembles more una P51 H, il modello can well be 70 years old.
Modello di Franco Donati.",auto-draft
post-0359,Sikorsky SH-3D Sea King,"Conversion to represent an Italian Marina Militare helicopter, including Marte missile with launcher and decals, use of Humbrol day-glo orange special paint","Conversione una represent una Italian Marina Militare elicottero, including Marte missile con launcher e decals, use di Humbrol arancione fluorescente vernice speciale.",auto-draft
post-0360,Lockheed F104 G,Changed decals to represent an Italian Air Force aircraft,Changed decals una represent una Aeronautica Militare Italiana aereo.,auto-draft
post-0361,Lavochin .........LAGG 3,,,intentionally-empty
post-0362,Macchi MC 202 Folgore,,,intentionally-empty
post-0363,Iliushin Il 2,Single seater version,Versione monoposto.,auto-draft
post-0364,Lavochin La-5 FN,,,intentionally-empty
post-0365,Fiat G50,Model by Franco Donati,Modello di Franco Donati.,auto-draft
post-0366,Yak 15,One of the first russian jet fighters,Uno dei primi russo jet figthers.,auto-draft
post-0367,Fiat G91 R,,,intentionally-empty
post-0368,Mig 21 SMT,"Dorsal fairing added, unfortunately no dacals yet","Dorsal fairing added, unfortunately ancora senza decals.",auto-draft
post-0369,Douglas F4D-1 Skyray,VF 213 squadron,Squadrone VF 213.,auto-draft
post-0370,Grumman Hellcat,Model by Franco Donati,Modello di Franco Donati.,auto-draft
post-0371,Britten Norman Islander,,,intentionally-empty
post-0372,Avro Lancaster,,,intentionally-empty
post-0373,Fiat G55 Silurante,"Torpedo version of the G55, one prototype built","Versione aerosilurante del G55, one prototipo costruito.",auto-draft
post-0374,Macchi C200,,,intentionally-empty
post-0375,Mitsubishi Dinah,,,intentionally-empty
post-0376,Mitsubishi A6M Type Zero,,,intentionally-empty
post-0377,North American T6 Texan,,,intentionally-empty
post-0378,Lockheed P38F Lightning,,,intentionally-empty
post-0379,Bell P39 Aircobra,Model by Franco Donati,Modello di Franco Donati.,auto-draft
post-0380,SAAB Viggen,,,intentionally-empty
post-0381,BAC Jaguar,,,intentionally-empty
post-0382,Republic P47 D Thunderbolt,Model by Franco Donati,Modello di Franco Donati.,auto-draft
post-0383,Curtiss P40q,Last evolution of the P40,Ultima evoluzione del P40.,auto-draft
post-0384,Fiat G55,Another meritorious subject choice from FROG at that time,Un altro meritorious soggetto choice da FROG una quell’epoca.,auto-draft
post-0385,BNW R69 motorcycle,Much hopes on the kit but somewhat disappointed due to the difficulty of reproducing chrome and aluminum at that time,Much hopes on il kit but somewhat disappointed due unal difficulty di reproducing cromo e alluminio una quell’epoca.,auto-draft
post-0386,Nort American P51D Mustang,"Flown by Maj Preddy, ace in a day on 6 August 1944","Pilotato da Maj Preddy, ace in una day on 6 August 1944.",auto-draft
post-0387,Vought F4U Corsair,,,intentionally-empty
post-0388,Saab Draken,Quite an advanced shape for that time,Piuttosto una avanzato forma per l’epoca.,auto-draft
post-0389,North American F82 Twin Mustang,"Quite an intriguing plane, thanks Paolo for the kit","Piuttosto una intrigante aereo, thanks Paolo per il kit.",auto-draft
post-0390,Armstrong Withworth Seahawk,,,intentionally-empty
post-0391,Westland Welkin F Mk1,Beautiful wings,Belle ali.,auto-draft
post-0392,Fairey Spearfish,"impressive size for a single engine aircraft, kit found in the UK","notevole dimensioni per una single motore aereo, kit trovato nel UK.",auto-draft
post-0393,De Havilland Hornet,Superfast successor of the Moswuito | I sill remember the excessive thickness of the model's vertical tailplane,"Superfast successore del Mosquito.
I still remember il excessive thickness del modello's vertical piano di coda.",auto-draft
post-0394,Supermarine Swift FR.5FL,Nigel Walpole No72 SQN raf Germany Güterschloh April 1956,Nigel Walpole No72 SQN raf Germany Güterschloh aprile 1956.,auto-draft
post-0395,Hawker Tempest,,,intentionally-empty
post-0396,Fairey Swordfish,Model by Franco Donati,Modello di Franco Donati.,auto-draft
post-0397,Saunders-Roe S-R.53,"My favourite, I played a lot wit it but it managed to survive neverhetess, and witha stiff upper lip","Il mio preferito, ci ho giocato una lot con lo but lo managed una survive nevertheless, e con una stiff upper lip.",auto-draft
post-0398,Blackburn Firebrand TF Mk.II,,,intentionally-empty
post-0399,Bristol Blenheim,,,intentionally-empty
post-0400,Bristol F2B Fighter,Model by Franco Donati,Modello di Franco Donati.,auto-draft
post-0401,Westland Lysander,,,intentionally-empty
post-0402,Sopwith Camel,Model built by Franco Donati,Modello costruito da Franco Donati.,auto-draft
post-0403,Supermarine S.6B,First aicraft to exceed 400mph. The kit was released in 1957 and built around that time,Primo aereo a superare 400mph. Il kit fu pubblicato nel 1957 e costruito più o meno in quel periodo.,auto-draft
post-0404,Avro Anson I,"The first aircraft model I remember, it must have been nice flying in it, cozy and with the protection of a fully rotating turret gun","Il primo aereo modello ricordo, lo must have been bello flying in lo, confortevole e con la protezione di una completamente rotante torretta armata.",auto-draft
post-0405,Westland Wyvern,No. 830 NAS WN325 1956 Suez Crisis - HMS Eagle Egypt | Nice aircraft shape and livery,"No. 830 NAS WN325 1956 Crisi di Suez - HMS Eagle Egypt.
Livrea Nice aircraft shape e.",auto-draft
post-0406,Vickers Wellington,,,intentionally-empty
post-0407,Royal Aircraft Factory S.E.5a,No.111 Squadron RFC Julis Palestine 1918,No.111 Squadron RFC Julis Palestine 1918.,auto-draft
post-0408,Hawker Typhoon,My first | Model in cooperation with Franco Donati,"My primo.
Modello realizzato in collaborazione con Franco Donati.",auto-draft
post-0409,Auster AOP VI,why on earth did I put it on floats,Mi chiedo perché mai l’abbia messo su galleggianti.,auto-draft
post-0410,Hawker Hurricane,Model by Franco Donati,Modello di Franco Donati.,auto-draft
post-0411,Messerschmitt Me109,"..and thid is its merry companion, the also rare Me109 | Model by Franco Donati","…e è proprio luis merry companion, il also raro Me109.
Modello di Franco Donati.",auto-draft
post-0412,Supermarine Spitfire,"Yes, this is it! The very first Airfix aircraft kit in all its glory | Model By Franco Donati","Sì, è proprio lui! Il primissimo kit Airfix di aereo in tutto il suo splendore.
Modello di Franco Donati.",auto-draft
post-0413,Fairchild C113,Possibly and old small scale japanese kit | Model by Franco Donati,"Possibly e old small scala giapponese kit.
Modello di Franco Donati.",auto-draft
post-0414,Bristol Beaufighter TFX,Battle of the Bismarck Sea 2-4 March 1943 Model by Franco Donati,Battle del Bismarck Sea 2-4 marzo 1943 Modello by Franco Donati.,auto-draft
post-0415,Westland Whirlwind Helicopter HAS22,Model by Franco Donati,Modello di Franco Donati.,auto-draft
post-0416,Hawker Hurricane,,,intentionally-empty
post-0417,Curtiss P40 E Kittyhawk,Model by Franco Donati,Modello di Franco Donati.,auto-draft
post-0418,DeHavilland Mosquito NF Mk XVII,Conversion of the Airfix kit by adding a new radome,Conversione del kit Airfix by adding una new radome.,auto-draft
post-0419,Gloster Gladiator,Model by Frabco Donati,Modello di Franco Donati.,auto-draft
post-0420,Bristol Bulldog,Model by Franco Donai,Modello di Franco Donati.,auto-draft
post-0421,Hawker P1127,First model bought by me at 'Modellismo e Pesca' | Model built in cooperation with Franco Donati,"Primo modello bought by me at 'Modellolismo e Pesca'.
Modello costruito in cooperation con Franco Donati.",auto-draft
post-0422,Commonwealth CA-13 Boomerang,Model by Franco Donati,Modello di Franco Donati.,auto-draft
post-0423,Westland Whirlwind,Model by Franco Donati,Modello di Franco Donati.,auto-draft
post-0424,Fiesler Fi156 Storch,Model by Franco Donati,Modello di Franco Donati.,auto-draft
post-0425,Junkers D1,"5180/18 Western Front Autumn 1918 | Large ground attack biplane with cantilever wings, nice aircraft shape","5180/18 Western Front Autumn 1918.
Large ground attack biplane con cantilever ali, bell’aereo forma.",auto-draft
post-0426,Heinkel He177,Operation Steinbock 1944,Operation Steinbock 1944.,auto-draft
post-0427,Messerschmitt Me 163 B,Scak#le: 1/48,Scak#le: 1/48.,auto-draft
post-0428,Arado Ar234 B,Unusual kit subject in those old tims,Insolito kit soggetto in those old tims.,auto-draft
post-0429,Messeerschmitt Me 410,Added underfuselage cannons,Added underfuselage cannons.,auto-draft
post-0430,Fokker Dr I,,,intentionally-empty
post-0431,Fokker E V,"Jagdstaffel (Jasta) 10 156/18 (ObLt. Erich Loewenhardt) August 1918 World War 1 - Chambré Airfield, Laon FR","Jagdstaffel (Jasta) 10 156/18 (ObLt. Erich Loewenhardt) agosto 1918 World War 1 - Chambré Airfield, Laon FR.",auto-draft
post-0432,Fokker D VII,Flown by Ernst Udet Jasta4 June 1918,Pilotato da Ernst Udet Jasta4 June 1918.,auto-draft
post-0433,Focke Wulf FW200 Condor,nice kit for that time,bel kit per l’epoca.,auto-draft
post-0434,Blohm&Voss BV138,3./SAGr. 125 JA+FH April 1943 - Konstanza RO,3./SAGr. 125 JA+FH aprile 1943 - Konstanza RO.,auto-draft
post-0435,Junkers Ju88,Just before bailing out,Just before bailing out.,auto-draft
post-0436,Arado Ar 196 A-2,,,intentionally-empty
post-0437,Messerschmitt Me262 A,First encounter with the mysterious 81/82 colors,Primo encounter con il mysterious 81/82 colors.,auto-draft
post-0438,Focke Wulf Ta152H,"This was one of the first kits to represent some of the rare birds of the Second ,World War, apologies for the crude mottled effects and oversize swastika","Questo fu uno dei primi kits una represent some del raro birds del Second ,World War, apologies per il crude mottled effects e oversize wastika.",auto-draft
post-0439,Henschel Hs123,,,intentionally-empty
post-0440,Junkers D1,5180/18 Western Front Autumn 1918 Nice unusual model,5180/18 Western Front Autumn 1918 Bello insolito modello.,auto-draft
post-0441,Heinkel He219,,,intentionally-empty
post-0442,Heinkel He 11 H,"Canopy was fogged by glue, replacement part kindly provided by Airfix","Canopy fu fogged by glue, replacement part kindly provided by Airfix.",auto-draft
post-0443,Henschel Hs 132,"First kit bought, at 'La Gioia dei Bimbi' | The 75mm cannon looks disproportionate","Primo kit comprato, at 'La Gioia dei Bimbi'.
Il 75mm cannon looks disproportionate.",auto-draft
post-0444,Junkers Ju88 G6,"Added radome for FuG-240 ""Berlin"" radar","Added radome per FuG-240 ""Berlin"" radar.",auto-draft
post-0445,Grumman Ov-1A Mohawk,The side scanning radar makes the model rather unique,Il side scanning radar makes il modello rather unique.,auto-draft
post-0446,Focke Wulf FW190 A8,Some sort of Grenatenwerfer WG21 added under the wing | #1(82,"Some sort di Grenatenwerfer WG21 added under il ala.
#1(82.",auto-draft
post-0447,Focke Wulf FW190 D9,Model by Franco Donati,Modello di Franco Donati.,auto-draft
post-0448,Junkers Ju87 B,Model by Franco Donati,Modello di Franco Donati.,auto-draft
post-0449,Albatros DV,Model by Franco Donati,Modello di Franco Donati.,auto-draft
post-0450,L.F.G. Roland C-11,Feldfliegerabteilung (FFA) 2b (Ritter von Schleich/Eduard-Maria) August 1916 | Model by Franco Donati,"Feldfliegerabteilung (FFA) 2b (Ritter von Schleich/Eduard-Maria) agosto 1916.
Modello di Franco Donati.",auto-draft
post-0451,Messerschmitt Me109 E,,,intentionally-empty
post-0452,Bachem Ba 349 Natter,Nice kit complete with detailed launching tower,Bel kit complete con detailed launching tower.,auto-draft
post-0453,Grave Digger,Easy but colorful and cute snap-on kit,Easy but colorata e grazioso snap-on kit.,auto-draft
post-0454,US M1A1 Abrams,Motorized kit,Kit motorizzato.,auto-draft
post-0455,Heinkel He162 D,Changed wings and tailplane,Changed ali e piano di coda.,auto-draft
post-0456,Lotus Europa,Livery as from John Players racing team 1968-1971,Livrea as da John Players racing team 1968-1971.,auto-draft
post-0457,Lotus Europa,Livery as from Lotus racing in the'60s.,Livrea as da Lotus racing nel'60s.,auto-draft
post-0458,Mil Mi28 Havoc,The kit was based on leaked spy photos and the model shape was updatd (added radome etc),Il kit fu based on leaked spy photos e il modello forma fu updatd (added radome etc).,auto-draft
post-0459,Sukhoi Su 25 single seater,,,intentionally-empty
post-0460,Kamov Ka-34 Hokum,"Twin seat version, the model was still based on speculations and spy photos","Twin seat versione, il modello fu still based on speculations e spy photos.",auto-draft
post-0461,MIL Mi-24 Gunship,Rather impressive and unusual model,Rather notevole e insolito modello.,auto-draft
post-0462,Petlyakov Pe2,"Nice aircraft type, wooden constrution","Bell’aereo type, wooden constrution.",auto-draft
post-0463,North American OV-10A Bronco,"Advanced version with longer nose , FLIR and gun turret","Avanzato versione con longer nose , FLIR e gun turret.",auto-draft
post-0464,Junkers Ju87 B Stuka,"Also in this case, an impressive kit in this scale","Also in questo case, una notevole kit in questa scala.",auto-draft
post-0465,Lockheed U2 spyplane,New nose added do depict a newer version,New nose added do depict una newer versione.,auto-draft
post-0466,MiG 29 Fulcrum,,,intentionally-empty
post-0467,Porsche 908 LeMans,"Old heller kit, nice memories in first dealing with aerodynamic shapes","Old heller kit, bello memories in primo dealing con aerodynamic shapes.",auto-draft
post-0468,'Maus' super heavy tank,These two models were included in the Landkreuzer 'Ratte' model kit,These two modellos erano included nel Landkreuzer 'Ratte' modello kit.,auto-draft
post-0469,Sturmgeschütz III,,,intentionally-empty
post-0470,Sd.Kfz. 234 Armored Car,,,intentionally-empty
post-0471,Hot Rod,"Model built by Franco Donati, old Airfix kit","Modello costruito da Franco Donati, old Airfix kit.",auto-draft
post-0472,Morris Cowley,Model build by Franco Donati. Noteworthy how the model well survived my 'attentions'.,Modello build by Franco Donati. Noteworthy how il modello well survived my 'attentions'.,auto-draft
post-0473,Landkreuzer Ratte,"Hilarious project of a gigantic tank, carrying a cruiser ship gun turret","Hilarious progetto di una gigantic autoro, autorying una cruiser nave gun turret.",auto-draft
post-0474,Messerschmitt Me110G,Unusual kit for that time in this big scale,Insolito kit per l’epoca in questo grande scala.,auto-draft
post-0475,88mm FLAK gunn and Tractor,Intricate and detailed kit for that time,Intricate e detailed kit per l’epoca.,auto-draft
post-0476,Ford F150,,,intentionally-empty
post-0477,Honda NS 500 F.Spencer 1984,Working transmossion chain,Working transmossion chain.,auto-draft
post-0478,Paddy Wagon,Lolvey kit of a glamorous funny car by Tom Daniel,Lolvey kit di una glamorous buffa auto by Tom Daniel.,auto-draft
post-0479,Concorde,"Apologies, I will try to do something about it","Apologies, I will try una do something about lo.",auto-draft
post-0480,Panzer IV,old motorized tank kit from a japanese company,old motorized autoro kit da una giapponese company.,auto-draft
post-0481,Dune Buggy,"Lovely kit in an unusual scale; pre-painted body, working torsion bar suspensions.","Lovely kit in una insolito scala; pre-painted body, funzionante torsion bar suspensions.",auto-draft
post-0482,Bismarck,,,intentionally-empty
post-0483,Scharnhorst,,,intentionally-empty
post-0484,Blue Devil Destroyer,"USS Melvin (DD-680), Fletcher class destroyer US Navy | Huge kit, can be used for radio control","USS Melvin (DD-680), Fletcher class destroyer US Navy.
Enorme kit, can be used per radio control.",auto-draft
post-0485,Vought OS2U Kingfisher,,,intentionally-empty
post-0486,Rockwell B1-B,,,intentionally-empty
post-0487,Leopard II A5,,,intentionally-empty
post-0488,Sd.Kfz.131 Marder II,,,intentionally-empty
post-0489,STRV 103 B tank,,,intentionally-empty
post-0490,150mm slG-33 Bison,"Unusual model, nice low slung SPG","Insolito modello, bello low slung SPG.",auto-draft
post-0491,Lancia Stratos HF,Beautiful car still today,Bella auto ancora oggi.,auto-draft
post-0492,150mm slG-33 Bison,"Unusual look, rather top heavy indeed","Insolito look, rather top heavy indeed.",auto-draft
post-0493,Grumman E2A Hawkeye,Unusual aircraft type,Insolito aereo type.,auto-draft
post-0494,CRDA CANT Z 1007 bis monoderiva,,,intentionally-empty
post-0495,PzKpfw V Panther Aisf F,Just project,Just progetto.,auto-draft
post-0496,PzKpfW IV (Schräg),I wanted to check how a Pz IV with sloped armor would look like,I wanted una check how una Pz IV con sloped armor would look like.,auto-draft
post-0497,PzKpfw. IV Ausf.H,,,intentionally-empty
post-0498,Panzer III M,,,intentionally-empty
post-0499,Messerchmitt P1110,My Luft'46 mania,My Luft'46 mania.,auto-draft
post-0500,Cessna A37 A Dragonfly,604th Special Operations Sqn 3rd TFW Bien Hoa 1964,604th Special Operations Sqn 3rd TFW Bien Hoa 1964.,auto-draft
post-0501,Avia S-199,Last development of the Me 109 with Junkers Jumo 211F engine. Pre delivery to IAF. Short run plastic kit,Ultimo sviluppo del Me 109 con motore Junkers Jumo 211F. Prima della consegna alla IAF. Kit in plastica short-run.,auto-draft
post-0502,Messerschmitt Me109 K,Livery for high altitude 'top cover' escort fighters,Livrea per high altitude 'top cover' escort figthers.,auto-draft
post-0503,Focke Wulf FW190 D9,Old Fujimi kit with motorized propeller,Old Fujimi kit con motorized elica.,auto-draft
post-0504,Messerschmitt Me 109 F,7/JG 54 | Oblt. Werner Pichon Kallau von Hofe | Mensuvaara Finland 1942,"7/JG 54.
Oblt. Werner Pichon Kallau von Hofe.
Mensuvaara Finland 1942.",auto-draft
post-0505,Messerschmitt Me 109 G,JG300,JG300.,auto-draft
post-0506,Kawanishi N1K1-J âShidenâ,,,intentionally-empty
post-0507,Kyushu J7W Shinden,"Interesting design, only one prototype built","Interessante progetto, only one prototipo costruito.",auto-draft
post-0508,Mitsubishi J2M3 Raiden,Yoshiro Aoki 352 FG Kanoya AB April 1945 | Fighter aircraft with interesting aerodynamic design.,"Yoshiro Aoki 352 FG Kanoya AB aprile 1945.
Figther aereo con interessante aerodynamic progetto.",auto-draft
post-0509,Kawasaki Ki 45 kai hei Toryu Nick,"Very nice subject and kit, I like the colorful livery","Livrea Very nice subject e kit, I like il colorful.",auto-draft
post-0510,T72 tank,,,intentionally-empty
post-0511,T90 tank,Motorized kit,Kit motorizzato.,auto-draft
post-0512,Lockheed F-117A Stealth,An impressive aircraft still today | #1(48,"An notevole aereo ancora oggi.
#1(48.",auto-draft
post-0513,Henschel Hs.129 B2/R2,10(Pz.) StuKa Geschwader 9 | ESCI at that time had really an impressive kit range in 1/48 scale,"10(Pz.) StuKa Geschwader 9.
ESCI a quell’epoca aveva davvero una notevole gamma di kit in scala 1/48.",auto-draft
post-0514,LHX Stingbat stealth helicopter,Another example of the 'stealth-mania' of the '80s.,Un altro example del 'stealth-mania' del '80s.,auto-draft
post-0515,T90 A tank,,,intentionally-empty
post-0516,3cm Flakvierling 103/38,"Fictitios model, the kit was a bit flimsy (i will fix the barrel alignement)","Fictitios modello, il kit fu una bit flimsy (i will fix il barrel alignment).",auto-draft
post-0517,Douglas A1-H Skyraider,514th FS South Vietnamese AF | Impressive size in this scale,"514th FS South Vietnamese AF.
Dimensioni notevoli in questa scala.",auto-draft
post-0518,Geschuetzwagen IV fuer 10.5cm le.F.H. 18/1 (Sf) SD.Kfz 165/1),"Very original kit, sorry for the photo to be redone","Very original kit, sorry per il foto da rifare.",auto-draft
post-0519,Junkers Ju87 D,"Night attack version, nice aerodynamic refinement of the original StuKa concept even though the fixed undercarriage still limited its performance","Night attack versione, bello aerodynamic refinement del original StuKa concetto even though il fixed autorello still limited its performance.",auto-draft
post-0520,T72 B,,,intentionally-empty
post-0521,T80 UD russian tank,Nice ERA details,Bello ERA details.,auto-draft
post-0522,Panzer IV H,,,intentionally-empty
post-0523,US M1A1 Abrams,,,intentionally-empty
post-0524,Jagdpanzer IV (lang),,,intentionally-empty
post-0525,Jagdpanzer V Jagdpanther Sd.Kfz. 173,,,intentionally-empty
post-0526,Jagdtiger,Zimmeritt added,Zimmeritt added.,auto-draft
post-0527,Sturmgeschütz IV,,,intentionally-empty
post-0528,Sd.Kfz.234/4 Puma,Nice type and shape,Bello type e forma.,auto-draft
post-0529,Panzerjäger Hetzer,,,intentionally-empty
post-0530,Tiger 1 Tanl,,,intentionally-empty
post-0531,Crusader Tank,,,intentionally-empty
post-0532,Jagdpanzer Elefant,Motorized kit,Kit motorizzato.,auto-draft
post-0533,Jagdpanzer 38(t) Hetzer,,,intentionally-empty
post-0534,20mm Quad FLAK gun,Complete with trailer,Complete con trailer.,auto-draft
post-0535,37mm FLAK gun,Cute little kit much detailed,Piccolo kit grazioso much detailed.,auto-draft
post-0536,Panzer Mk 1,,,intentionally-empty
post-0537,Churchill Mk IV tank,First weathering try,Primo weathering try.,auto-draft
post-0538,M4 Sherman tank,,,intentionally-empty
post-0539,Hotchkiss H39,"Cute unusual little kit, unusual with those big rockets added","Grazioso insolito piccolo kit, insolito con those grande rockets added.",auto-draft
post-0540,Leopard II,,,intentionally-empty
post-0541,Leopard 1 a2,Improved fenders,Improved fenders.,auto-draft
post-0542,M1 Abrams tank,,,intentionally-empty
post-0543,M 109 G SPG Howitzer,,,intentionally-empty
post-0544,Semovente M40 75/18,Some sandbags added,Some sandbags added.,auto-draft
post-0545,Skoda PA II 'Turtle',Crazy Czech camouflage,Crazy ceco mimetica.,auto-draft
post-0546,Henschel SdKfz 250,,,intentionally-empty
post-0547,Lockheed F117 (fake),"The very first model of a stealth aircraft, compltely fictitious, apparently the leaks were purposely misleading about stealth shapes","Il primissimo modello di una stealth aereo, compltely immaginario, apparently il leaks erano purposely misleading about stealth shapes.",auto-draft
post-0548,MiG 37B Ferret E,"Fictitious model, at a time when the stealth mania exploded","Immaginario modello, at una time when il stealth mania exploded.",auto-draft
post-0549,AH-64 Apache,,,intentionally-empty
post-0550,Bell AH1 G,,,intentionally-empty
post-0551,T80BV,Nice kit with all the tiny ERA bricks to place,Bel kit con all il minuscolo ERA bricks una place.,auto-draft
post-0552,HMVV,Desert Storm livery,Livrea Desert Storm.,auto-draft
post-0553,HMVV,,,intentionally-empty
post-0554,JSU-152 tank destroyer,"Very powerful gun, Battle of Berlin markings.","Very powerful gun, Battle di Berlin insegne.",auto-draft
post-0555,SU 100,,,intentionally-empty
post-0556,Liore et Olivier 451,,,intentionally-empty
post-0557,Sukhoi Su 27 Flanker,First Revell kit still based on spy photos,Primo kit Revell still based on spy photos.,auto-draft
post-0558,Breguet Br.693,GBA II/54-3 N1013 - 7 La Bul Fateuse (Sgt/C. Perrot de Thanneberg) Mai 1940 World War 2»Battle of France - Roye | Nice aircraft lines,"GBA II/54-3 N1013 - 7 La Bul Fateuse (Sgt/C. Perrot de Thanneberg) Mai 1940 Seconda guerra mondiale»Battaglia di Francia - Roye.
Bell’aereo linee.",auto-draft
post-0559,Sikorsky UH-60 Blackhawk,,,intentionally-empty
post-0560,Jagdpanzer IV,,,intentionally-empty
post-0561,M24 Chaffee tank,Matchbox had a great idea by including a small diorama base with the kit.,Matchbox had una great idea by including una small diorama base con il kit.,auto-draft
post-0562,M551 Sheridan Tank,,,intentionally-empty
post-0563,AMX 30-105,1 Esq 1 Peloton 4 Regiment de Courasseur 1 Division blindee Bitche 1978,1 Esq 1 Peloton 4 Regiment de Courasseur 1 Division blindee Bitche 1978.,auto-draft
post-0564,Lockheed A-12,"First fighter version, it will later become the SR71 recon version. Old Revell kit","Primo figther versione, lo will later become il SR71 recon versione. Vecchio kit Revell.",auto-draft
post-0565,Douglas A1J Skyraider,,,intentionally-empty
post-0566,MiG 15 bis,"Lybian livery, trying to avoid the natural metal finish which was not satisfactory using the enamels available at that time","Lybian livrea, trying per evitare il metallo naturale finitura which fu not satisfactory using il enamels available una quell’epoca.",auto-draft
post-0567,Su-85 tank destroyer,,,intentionally-empty
post-0568,Ford Mustang GT,"Model year 1986, I drive that car model","Anno modellolo 1986, I drive che auto modello.",auto-draft
post-0569,Dodge Daytona Shelby Z,I actually drove the corresponding car model in the US,I in effetti drove il corresponding auto modello nel US.,auto-draft
post-0570,Chevrolet Montecarlo SS,,,intentionally-empty
post-0571,Northrop F5 E Freedom Fighter,Vietnam livery,Livrea Vietnam.,auto-draft
post-0572,SpäPz Luchs,3 Komp 7 PzAufklBtl Augustdorf 1989 | Very detailed suspension provided by the kit,"3 Komp 7 PzAufklBtl Augustdorf 1989.
Very detailed suspension provided by il kit.",auto-draft
post-0573,ZiL 131 soviet truck,,,intentionally-empty
post-0574,McDonnell Douglas A-4 Skyhawk,"Israeli version, open slast and back hump added for a late-version type","Israeli versione, open slast e back hump added per una late-versione type.",auto-draft
post-0575,Dassault Mirage III C,Israeli livery,Livrea Israeli.,auto-draft
post-0576,Ling Temco Vought A7D Corsair,Vietnam livery,Livrea Vietnam.,auto-draft
post-0577,Lancia LC2 Martini,"Raced in 1982-83 Endurance championship, white metal body","Corse nel 1982-83 Endurance championship, white metal body.",auto-draft
post-0578,General Dynamics F-111,Vietnam livery,Livrea Vietnam.,auto-draft
post-0579,McDonnell F15 Eagle,"Very early Monogram kit appeared when no official livery was established yet, radome made openable","Very early kit Monogram appeared when no official livrea fu established yet, radome made openable.",auto-draft
post-0580,McDonnel F4E Phantom,Israeli version,Israeli versione.,auto-draft
post-0581,Douglas A 26B Invader,322330/F6-O/Miss Mildred 1944 GB,322330/F6-O/Miss Mildred 1944 GB.,auto-draft
post-0582,Hawker Siddley Trident 1c,,,intentionally-empty
post-0583,Tiger II tank,"This was a motorired japanese tank kit bought long time ago, I will research for further details","Questo fu una motorired giapponese autoro kit comprato long time ago, I will research per further details.",auto-draft
post-0584,Alpine A110 S 1600,Andruet 'Biche' winner 1973 Montecarlo rallye,Andruet 'Biche' vincitrice 1973 Monteautolo rallye.,auto-draft
post-0585,Grumman A6 Intruder,Unfortunately incomplete,Purtroppo incompleto.,auto-draft
post-0586,Mitsubishi Ki-67 Yasukuni,,,intentionally-empty
post-0587,DeHavilland Tiger Moth,"The old Airfix kit, model by Franco Donati","Il vecchio kit Airfix, modello by Franco Donati.",auto-draft
post-0588,Peugeot 905 Ev1 bis,Magny Cours Sept 1991,Magny Cours Sept 1991.,auto-draft
post-0589,Arado Ar234 night fighter,Unfortunately incomplete,Purtroppo incompleto.,auto-draft
post-0590,Junkers Ju86 R,"Extreme high altitude reconnaissance-bomber, conversion done when no kit existed yet","Extreme high altitude reconnaissance-bombardiere, conversione done when no kit existed yet.",auto-draft
post-0591,Supermarine Spiteful,I had the crazy idea of an 1/32 Spiteful when no kit of the Spiteful ever existed and I liked this type very much,I had il crazy idea di una 1/32 Spiteful when no kit del Spiteful ever existed e mi piaced questo type very much.,auto-draft
post-0592,Fokker V8,"If a triplane flies well, a quintuplane would fly even better, right? You wouldn't believe but such a concoction was actually built and flown, it made two brief flights in October 1917, obviously its flght characteristics were abysmal and the monstrosity was put to bed.","If una triplane flies well, una quintuplane would fly even better, right? You wouldn't believe but such una concoction fu in effetti costruito e flown, lo made two brief flights in ottobre 1917, obviously its flght characteristics erano abysmal e il monstrosity fu put una bed.",auto-draft
post-0593,Fokker E IX,"This is a fictitious model, I wanted to check how incredibly modern a monoplane Fokker DVIII would look like, and indeed it does","Questo è una immaginario modello, I wanted una check how incredibly modern una monoplane Fokker DVIII would look like, e indeed lo does.",auto-draft
post-0594,Westland Lysander,"The kit in this scale is quite unusual and impressive, ready for undercover operations, this gives and aura of mystery!","Il kit in questa scala è piuttosto insolito e notevole, ready per undercover operations, questo gives e aura di mystery!",auto-draft
post-0595,Tiger Porsche VK 45.01 (P),Nice rare subject of a tank prototype,Bello raro soggetto di un’autoro prototipo.,auto-draft
post-0596,Ford GT,Incomplete LeMans 2017 livery,Livrea Incomplete LeMans 2017.,auto-draft
post-0597,Mercedes AMG GT,,,intentionally-empty
post-0598,Ford Mustang GT,2018 model year,2018 modello year.,auto-draft
post-0599,Chevrolet Corvette C7R,Nice lines and livery,Livrea Nice lines e.,auto-draft
post-0600,Dornier Do.28 D2,Marinefliegergeschwader 5 Bundesmarine Kiel 1985 | Interesting aerodynamic concept with cantilever wings and engines!,"Marinefliegergeschwader 5 Bundesmarine Kiel 1985.
Interessante aerodynamic concetto con cantilever ali e motores!",auto-draft
post-0601,Shorts Skyvan,"Olympic Airways Athens 1974 | Nice Olympic livery, hi Paolo","Olympic Airways Athens 1974.
Bello Olympic livrea, hi Paolo.",auto-draft
post-0602,Dornier Do 228,202 Marinefliegergeschwader 3 Graf Zeppelin Nordholz 2002,202 Marinefliegergeschwader 3 Graf Zeppelin Nordholz 2002.,auto-draft
post-0603,Lockheed PV1 Ventura,"Late war livery, night blue overall","Di fine guerra livrea, night blue overall.",auto-draft
post-0604,Macchi Castoldi MC 72,"World speed record on 10 April 1933 by Francesco Agello 682,078 km/h, Desenzano del Garda | Eye-catching model with copper surface radiators","World speed record on 10 aprile 1933 by Francesco Agello 682,078 km/h, Desenzano del Garda.
Eye-catching modello con copper surface radiators.",auto-draft
post-0605,Faichild A10 Warthog,Unfortunately incomplete,Purtroppo incompleto.,auto-draft
post-0606,Focke Wulf FW190-D11,"Platzschutzstaffel JV44 Muenchen Riem 1945, red underside to avoid 'friendly' flak","Platzschutzstaffel JV44 Muenchen Riem 1945, red parte inferiore per evitare 'friendly' contraerea.",auto-draft
post-0607,Dornier Do335 'Pfeil',Nice kit which allows to build both the single and twin seat versions,Bel kit which allows una build both il single e twin seat versions.,auto-draft
post-0608,Macchi MC202 III Serie,"MM7844 costr. Macchi 73 Sq 9 Gr 4 Stormo CT, Africa Sett. Ten. Giulio Reiner","MM7844 costr. Macchi 73 Sq 9 Gr 4 Stormo CT, Africa Sett. Ten. Giulio Reiner.",auto-draft
post-0609,Sukhoi Su21-F Flagon,First try with natural metal wings and tailplanes with aluminum foil,Primo tentativo con ali in metallo naturale e piani di coda con foglio di alluminio.,auto-draft
post-0610,Grumman Ov-1A Mohawk,"sn2617 23 special warfare av detachment vietnam 1963, intresting subject for an 1/48 kit","sn2617 23 special warfare av detachment vietnam 1963, interessante soggetto per una 1/48 kit.",auto-draft
post-0611,Bloch 174 A3,GR II/33 2eme Escadrille France 1940,GR II/33 2eme Escadrille France 1940.,auto-draft
post-0612,Vought F8 Crusader,VF 162 CVA 34 USS Oriskany Gulf of Tonkin 1966,VF 162 CVA 34 USS Oriskany Gulf di Tonkin 1966.,auto-draft
post-0613,Volkswagen T2 Transporter,Ferrara-Ziano di Fiemme 1976 Ferrara-Passo Mendola 1977 1978 | S. Stefano summer camp | Me and Sandro actually drove it.... no brakes at all....,"Ferrara-Ziano di Fiemme 1976 Ferrara-Passo Mendola 1977 1978.
S. Stefano campo estivo.
Io e Sandro lo guidammo davvero… senza freni, proprio…",auto-draft
post-0614,SIAI S79,Model by Franco Donati,Modello di Franco Donati.,auto-draft
post-0615,Potez 540,Grupe Potez Spanish Republican Air Force Albacete 1937,Grupe Potez Aeronautica Repubblicana Spagnola Albacete 1937.,auto-draft
post-0616,Dewoitine D 510,"GC 2/1, 3 Esc. N-6 0-4 (N.317) Juni 1940 World War 2»Battle of France","GC 2/1, 3 Esc. N-6 0-4 (N.317) giugno 1940 Seconda guerra mondiale»Battaglia di Francia.",auto-draft
post-0617,Nieuport Delage NiD 622,4eme escadrille 32eme RAO 1931/32,4eme escadrille 32eme RAO 1931/32.,auto-draft
post-0618,Curtiss SBC-4 Helldiver,Aeronavale 1940,Aeronavale 1940.,auto-draft
post-0619,FIAT CR42,Modeller: Franco Donati,Modellista: Franco Donati.,auto-draft
post-0620,Dewoitine D 510,"Groupe de Chasse 2/1, 3 Escadrille. N-6 0-4 (N.317) Juni 1940 World War 2 Battle of France","Groupe de Chasse 2/1, 3 Escadrille. N-6 0-4 (N.317) giugno 1940 Seconda guerra mondiale Battaglia di Francia.",auto-draft
post-0621,Heinkel He70 G1 Blitz,Civil version,Civil versione.,auto-draft
post-0622,Heinkel He 70 F2,Aviacion Nacional Legionaria Grupo 7-G-14 Spanish civil war,Aviacion Nacional Legionaria Grupo 7-G-14 Spanish civil war.,auto-draft
post-0623,Heinkel He170,Magyar Királyi Honvéd Légierő 2.Palatabla Felderito Iskolszazad 1942 | I did all the 3 variations of this nice little kit,"Magyar Királyi Honvéd Légierő 2.Palatabla Felderito Iskolszazad 1942.
I did all il 3 variations di questo bello piccolo kit.",auto-draft
post-0624,M3 White half-track and trailer,,,intentionally-empty
post-0625,Sikorsky MH-60L Blackhawk,US Army Aviation Branch 160 SOAR (A) 91-26365 September 2001,US Army Aviation Branch 160 SOAR (A) 91-26365 settembre 2001.,auto-draft
post-0626,Sikorsky HH60D Nighthawk,Folding rotor option,Folding rotor option.,auto-draft
post-0627,Convair F-102A Delta Dagger,"525 FIS, 86 FG 56-1264/FC-264 (Lt.Col. Charles W. Carlson Jr.) September 1960 - Bitburg AB DE unfortunately I missed the tail white underground","525 FIS, 86 FG 56-1264/FC-264 (Lt.Col. Charles W. Autolson Jr.) settembre 1960 - Bitburg AB DE unfortunately I missed il tail white underground.",auto-draft
post-0628,25 Pdr Field Gun & Quad Gun Tractor,Intiguing kit with lots of display possibilities | The articulated trailer always fascinated me,"Intiguing kit con lots di display possibilities.
Il articulated trailer always fascinated me.",auto-draft
post-0629,Westland Wyvern,"WZ974 Number827 Sqn HMS Eagle 1955. Colorful Suez crisis markings. Intriguing aircraft lines and superbly engineered kit, Trumpeter even provided the gears for contra-rotating propeller movement","WZ974 Number827 Sqn HMS Eagle 1955. Colorful Suez crisis insegne. Intrigante aereo linee e superbly motoreered kit, Trumpeter even provided il gears per contra-rotante elica movement.",auto-draft
post-0630,Dassault Rafale B,"M Flotille 12 F 1999 | Noteworthy how Dassault managed to design a navalized version, contrary to Eurofighter","M Flotille 12 F 1999.
Noteworthy how Dassault managed una progetto una navalized versione, contrary una Eurofigther.",auto-draft
post-0631,Boeing B17 G fortress,,,intentionally-empty
post-0632,Gloster G40 Whittle,Historical first british jet powered aircraft,Historical primo british jet powered aereo.,auto-draft
post-0633,Douglas AC 47 Gunship,432 TRW Udorn AFB Thailand 1970 | Unusual variant of the old DC3,"432 TRW Udorn AFB Thailand 1970.
Insolito variante del old DC3.",auto-draft
post-0634,Douglas A1E Skyraider,"4407 CCTS, 1 SOW 52673 AH 1966 - Hurlburt Field, FL | Nice unusual Skyraider variant","4407 CCTS, 1 SOW 52673 AH 1966 - Hurlburt Field, FL.
Bello insolito Skyraider variante.",auto-draft
post-0635,Consolidated B24 Liberator,Good old Airfix kit,Buon vecchio kit Airfix.,auto-draft
post-0636,Focke Wulf Ta154,"Operational trials with NJG3 at Stade, . with FiG218 radar stab antennas in the wing root. Impressive model size in this scale","Operational trials con NJG3 at Stade, . con FiG218 radar stab antennas nel ala root. Notevole modello dimensioni in questa scala.",auto-draft
post-0637,Russian Tank T62 A,Camouflage taken from the coerrsponding tank in the Armored Warfare' game | '1/35,"Mimetica taken dal coerrsponding autoro nel Armored Warfare' game.
'1/35.",auto-draft
post-0638,Rutan Voyager,"First non stop unrefuelled flight around the world, 14 to 23 December 1986","Primo non stop unrefuelled flight around il world, 14 una 23 dicembre 1986.",auto-draft
post-0639,Grumman F14 A Tomcat,,,intentionally-empty
post-0640,Eurofighter EFA,"Fictitious prototype livery, the kit appeared before first flght","Immaginario prototipo livrea, il kit appeared before primo flght.",auto-draft
post-0641,Boeing Vertol CH-46 Sea Knight,"Marines livery, unfortunately incomplete","Marines livrea, unfortunately incompleto.",auto-draft
post-0642,Ford Galaxie Skyliner,Sporting a retractable hardtop in 1959! | The complex leverages are reproduced in the kit,"Sporting una retrattile hardtop in 1959!
Il complex leverages sono reproduced nel kit.",auto-draft
post-0643,Lancia Stratos Turbo,1976 Giro d'Italia | Radical aerodynamic evolution of the Lancia Stratos and amazing livery: stunning car overall,"1976 Giro d'Italia.
Radical aerodynamic evolution del Lancia Stratos e amazing livrea: splendida auto overall.",auto-draft
post-0644,Chevrolet Corvette C5-R,"Goodwrench LeMans 2000, intricate livery details","Goodwrench Le Mans 2000, intricate livrea details.",auto-draft
post-0645,BMW 320i Gr.5 Jägermeister,"As raced in 1977 DTM, the Jägermeister livery is always stunning","Come corse nel 1977 DTM, il Jägermeister livery è always stunning.",auto-draft
post-0646,Chevrolet Corvette C6,,,intentionally-empty
post-0647,Porsche 935/78,"Impressive areodynamic evolution of the Porsche 911 | Japanese manufacturer, adhesives instead of decals","Notevole areodynamic evolution del Porsche 911.
giapponese manufacturer, adhesives instead di decals.",auto-draft
post-0648,Ferrari 312 T3 F1,1978 F1 championship | Rather basic kit,"1978 campionato di F1.
Rather basic kit.",auto-draft
post-0649,Lotus 49B,My first big scale kit by Tamiya,My primo grande scala kit by Tamiya.,auto-draft
post-0650,Alfa Romeo 155 V6 TI Martini,"Raced in DTM 1995, nice powerful car","Corse nel DTM 1995, nice powerful auto.",auto-draft
post-0651,ford Model T,old Airfix kit | Built by Franco Donati,"vecchio kit Airfix.
Costruito da Franco Donati.",auto-draft
post-0652,BMW Z4 GT3,I have just added the BMW Motorport colors,I have just added il BMW Motorport colors.,auto-draft
post-0653,Chevrolet Corvette C6,,,intentionally-empty
post-0654,BMW 320i Citicorp,Daytona 24hrs 1977 | Classic BMW Motorport livery,"Daytona 24hrs 1977.
Livrea Classic BMW Motorport.",auto-draft
post-0655,Republic F105 D Thunderchief,"44 TFS, 355 TFW 59-1822 Polish Glider (Maj.Donald Kutyna) 1970 - Takhli Royal Thai AB","44 TFS, 355 TFW 59-1822 Polish Glider (Maj.Donald Kutyna) 1970 - Takhli Royal Thai AB.",auto-draft
post-0656,Republic F-105G Thunderchief Wild Weasel,35th TFW 562nd TFS George AFB California 1980,35th TFW 562nd TFS George AFB California 1980.,auto-draft
post-0657,Bell P63A Kingcobra,USAAF 1943 | #1/72 models,"USAAF 1943.
#1/72 modellos.",auto-draft
post-0658,Morane Saulnier MS225,Nice subject | #1/72 model,"Bello soggetto.
#1/72 modello.",auto-draft
post-0659,Toyota Celica GT-Four,1993 Montecarlo Rally winner | Impressive livery | #1/24 models,"Vincitrice 1993 Monteautolo Rally.
Livrea notevole.
#1/24 modellos.",auto-draft
post-0660,Fiat 500B Topolino,Cute little kit:,Piccolo kit grazioso:.,auto-draft
post-0661,Wild Willy Jr.,Cute funny little 4x4 kit,Grazioso buffa piccolo 4x4 kit.,auto-draft
post-0662,Grumman F3F Wildcat,Pre-painted | #1/72 Ray,"Pre-painted.
#1/72 Ray.",auto-draft
post-0663,Consolidated PB4Y-2 Privateer,"VPB-106 59398/X398 Tortilla Flat West Field, Tinian, Palawan PH","VPB-106 59398/X398 Tortilla Flat West Field, Tinian, Palawan PH.",auto-draft
post-0664,Messerschmitt Me609,Projected version of a mid-engined Me309,Projected versione di una mid-motored Me309.,auto-draft
post-0665,Sukhoi Su 22 M4,Iraqi Air Force,Iraqi Air Force.,auto-draft
post-0666,Ferrari F2003 GA,Seven victories in 2003 F1 season,Seven victories in 2003 F1 season.,auto-draft
post-0667,Eurocopter EC-135,Heeresflieger Waffenschule Bückenburg Dec 2000,Heeresflieger Waffenschule Bückenburg Dec 2000.,auto-draft
post-0668,McDonnell F/A18 F Super Hornet,VFA-102 Diamondbacks 50th anniversary scheme 2005 NAF Atsugi Japan,VFA-102 Diamondbacks 50th anniversary scheme 2005 NAF Atsugi Japan.,auto-draft
post-0669,Ford GT LeMans,Interesting aerodynamic concept,Interessante aerodynamic concetto.,auto-draft
post-0670,Ferrari California,Model year 2014,Anno modellolo 2014.,auto-draft
post-0671,Nakajima Saiun Night Fighter,,,intentionally-empty
post-0672,Dornier Do 27,Aircraft with nice clean lines. Unusual subject in this big scale,Aircraft con bello clean linee. Insolito soggetto in questo grande scala.,auto-draft
post-0673,Hispano Aviacion HA220 Super Saeta,Designed pst war in cooperation with Willy Messerschmitt | #1/72 Hobby,"Designed pst war in cooperation con Willy Messerschmitt.
#1/72 Hobby.",auto-draft
post-0674,Volkswagen 'New Beetle',This car caused a sensation in year 2000 and inspired a retro mania which then quicly faded away soon afterwards,Questo auto caused una sensation in year 2000 e inspired una retro mania which then quicly faded away soon afterwards.,auto-draft
post-0675,Sherman tank 'Firefly',Sherman tank with improved british 17 pounder anti tank gun | Nice little diorama included in the kit,"Sherman autoro con improved british 17 pounder anti autoro gun.
Bello piccolo diorama included nel kit.",auto-draft
post-0676,Grumman F9F-4 Panther,,,intentionally-empty
post-0677,Nakajima C6N Myrt,,,intentionally-empty
post-0678,"schwere Panzerjäger mit 8,8-cm-Pak L/71 auf Fgst. Panther (später „Jagdpanther“) (Sd.Kfz. 173)",s.Pz.Jg.Abt. 654 France Juli 1944,s.Pz.Jg.Abt. 654 France Juli 1944.,auto-draft
post-0679,Aichi D3 A1 Type 99 Bomber (Val),"Aircraft carrier Soryu Pearl Harbour 7 Dec 1941, nice colourful markings","Aircraft autorier Soryu Pearl Harbour 7 Dec 1941, bello colourful insegne.",auto-draft
post-0680,Martin Baker MB5,"Very advanced late war fighter prototype, vac-form kit","Very avanzato di fine guerra figther prototipo, vac-form kit.",auto-draft
post-0681,Martin B26 Marauder,,,intentionally-empty
post-0682,Hawker Tempest V,No. 3 Sqn. 122 Wing NV784/JF-E 'The Grand Charles' (Lt. Pierre Clostermann) 1945,No. 3 Sqn. 122 Wing NV784/JF-E 'Il Grand Charles' (Lt. Pierre Clostermann) 1945.,auto-draft
post-0683,Eurocopter EC.135 ADAC,Christoph 10 D-HLEU Juli 1997 - CTT Krankenhaus Wittlich Old ADAC colour scheme,Christoph 10 D-HLEU Juli 1997 - CTT Krankenhaus Wittlich Old ADAC colour scheme.,auto-draft
post-0684,U Boot UXXI,Nice kit with full interior. This U-boot has been preserved and it is now a floating museum that can be visited in Bremerhaven Germany,Bel kit con full interior. Questo U-boot has been preserved e lo è now una floating museum che can be visited in Bremerhaven Germany.,auto-draft
post-0685,Tank M24 Chaffee,12 Arm Div 43 Tank Batt,12 Arm Div 43 Autoro Batt.,auto-draft
post-0686,Ford Fiesta RS,"Driver: Ken Block, special decals bought online","Pilota: Ken Block, special decals bought online.",auto-draft
post-0687,Fairchild A10 Thunderbolt II,,,intentionally-empty
post-0688,Curtiss P40 'Twin Engine',"Scele: 1/48 | Weird twin engine version of the P40, One photo exists but probably just a mock-up","Scele: 1/48.
Weird twin motore versione del P40, One photo exists but probably just una mock-up.",auto-draft
post-0689,Krupp Protze,Cute diorama with cobblestone street and telegraph pole included in the kit,Grazioso diorama con cobblestone street e telegraph pole included nel kit.,auto-draft
post-0690,Messerschmitt Me262 'Forward cockpit ' project,I believe it could have workerd very well,credo lo could have workerd very well.,auto-draft
post-0691,Eurocopter Tiger,,,intentionally-empty
post-0692,A34 Comet British Tank,With small diorama inclided in the kit,With small diorama inclided nel kit.,auto-draft
post-0693,North American P51D Mustang,Unfortunately the beautiful chequered nose markings were not included in the kit decals,Unfortunately il bella chequered nose insegne erano not included nel decals del kit.,auto-draft
post-0694,Bell X5,Here with fictitious Luftwaffe markings,Here con immaginario Luftwaffe insegne.,auto-draft
post-0695,Mirege 2000,Unfortunately incomplete,Purtroppo incompleto.,auto-draft
post-0696,Messerschmitt P1101 Night Fighter,,,intentionally-empty
post-0697,Messerschmitt Me262 Three Seat Night Fighter,#1/72 Hobby,#1/72 Hobby.,auto-draft
post-0698,Junkers G38ce II,Kampfgruppe zbV 107 October 1940,Kampfgruppe zbV 107 ottobre 1940.,auto-draft
post-0699,Graf Zeppelin aircraft carrier,The carried was never completed,Il autoried fu never completed.,auto-draft
post-0700,V2 Missile and launch pad,,,intentionally-empty
post-0701,Focke Wulf Ta154,#1/72 Models,#1/72 Modellos.,auto-draft
post-0702,Airbus A321,"Austrian Airlines, 1996 Austrian Millenium special livery | Impressive kit decals.","Livrea speciale Austrian Airlines, 1996 Austrian Millenium.
Notevole decals del kit.",auto-draft
post-0703,Ekranoplan A-90,"Orljonok Kaspiisk Naval Base Dagestan 1992, | Quite peculiar subject","Orljonok Kaspiisk base navale Dagestan 1992,.
Piuttosto particolare soggetto.",auto-draft
post-0704,Sukhoi S37 Berkut,Sukhoi Design Bureau 1977,Sukhoi Progetto Bureau 1977.,auto-draft
post-0705,U-Boot Typ XXIII,"U2322 April 1945, very advanced coastal U-boot","U2322 aprile 1945, very avanzato coastal U-boot.",auto-draft
post-0706,Avro RJ-85,"Tiny kit, nice aircraft lines","Kit minuscolo, bell’aereo linee.",auto-draft
post-0707,Alpha Jet,Jabo Geschwader 43 Oldenbourg 1993,Jabo Geschwader 43 Oldenbourg 1993.,auto-draft
post-0708,Gotha Go229 B,Proposed noght fighter version of the Go229 | #1/72 2,"Proposto night figther versione del Go229.
#1/72 2.",auto-draft
post-0709,Mikoyan Gurevich MiG 1.44 MFI,,,intentionally-empty
post-0710,Bombardier Challenger CL 604,Swiss Air Ambulance Rega Zuerich Kloten Oct 2004,Swiss Air Ambulance Rega Zuerich Kloten Oct 2004.,auto-draft
post-0711,Nirthrop P61 Black Widow,,,intentionally-empty
post-0712,Josef Stalin 3 tank,,,intentionally-empty
post-0713,Tamiya Hotshot 4WS,I would have loved to thet the actual 1/10 Hotshot RC,mi sarebbe piaciuto molto unal il actual 1/10 Hotshot RC.,auto-draft
post-0714,Dornier Do217,Part of Airfix Mistel kit with Messerschmitt Me328,Part di Airfix Mistel kit con Messerschmitt Me328.,auto-draft
post-0715,North American T2C Buckeye,"Unusual subject, nice livery","Livrea Unusual subject, nice.",auto-draft
post-0716,Focke Wulf FW 189,Good old Airfix kit,Buon vecchio kit Airfix.,auto-draft
post-0717,MISTEL 5 He 162 A-2 & Arado E 377a,"Itriguing kit, now I believe rather rare","Intrigante kit, ora credo rather raro.",auto-draft
post-0718,Focke Wulf FW 56 Stösser,Flugschule Borkheide 1940,Flugschule Borkheide 1940.,auto-draft
post-0719,Mazda RX7 Efini,Nice little kit from an interesting company | #1/32 Owner Club,"Bello piccolo kit da una interessante company.
#1/32 Owner Club.",auto-draft
post-0720,Martin B-57G Tropic Moon III,"Conversion from BAC Canberra Airfix kit, when no kit of this version was available","Conversione da BAC Canberra kit Airfix, when no kit di questo versione fu available.",auto-draft
post-0721,Messerschmitt Me328,,,intentionally-empty
post-0722,Henschel Hs 126 A-1,31 Pz Greece April 1941,31 Pz Greece aprile 1941.,auto-draft
post-0723,Rockwell OV-1A Bronco,VMO-2 Al Jubail AB Desert Storm 1992,VMO-2 Al Jubail AB Desert Storm 1992.,auto-draft
post-0724,Fiat CR42 Falco,85 Squadriglia,85 Squadriglia.,auto-draft
post-0725,Sukhoi Su 2 R,Rather unusual subject for a model kit,Rather insolito soggetto per un modello kit.,auto-draft
post-0726,Messerschmitt Me 262A1a/U3,"Reconnaissance version, authentic camouflage NAG 6 (White)22, W.Nr. 518839 März 1945 Burg/Magdeburg","Reconnaissance versione, authentic mimetica NAG 6 (White)22, W.Nr. 518839 März 1945 Burg/Magdeburg.",auto-draft
post-0727,Reggiane Re 2000 Falco,,,intentionally-empty
post-0728,Grumman F4F-3 Wildcat,#1/72 Boss,#1/72 Boss.,auto-draft
post-0729,Grumman FF-1 Goblin,,,intentionally-empty
post-0730,Brewster F2A Buffalo,I like a lot the colouful US pre-war livery,Livrea I like una lot il colouful US pre-war.,auto-draft
post-0731,Dornier Do 335 Pfeil,4-blade propeller added to check how it would look like | #1/48 Monogram,"4-blade elica added una check how lo would look like.
#1/48 Monogram.",auto-draft
post-0732,Fiat CR32 Freccia,Spanish civil war | '1/48,"Spanish civil war.
'1/48.",auto-draft
post-0733,Messerschmitt Me P1099,Natural metal undersurface as in late war german camouflage directives,Metallo naturale undersurface as in di fine guerra tedesco mimetica directives.,auto-draft
post-0734,De Havilland DH88 Comet racer,Stunning livery and very nice racer lines captured by the old Airfix kit,Splendida livrea e very bello racer linee captured by il vecchio kit Airfix.,auto-draft
post-0735,Nakajima Kikka,"First experimental japanese jet fighter, 1st prototype August 1945","Primo sperimentale giapponese jet figther, 1st prototipo agosto 1945.",auto-draft
post-0736,Mitsubishi Mu2S,"JASDF Rescue Training Sqn. 83-3203 Hamamatsu Minami, lovely livery","Livrea JASDF Rescue Training Sqn. 83-3203 Hamamatsu Minami, lovely.",auto-draft
post-0737,Lockheed S3A Viking,Intriguing kit,Intrigante kit.,auto-draft
post-0738,lockheed F-35,#1/48 Models,#1/48 Modellos.,auto-draft
post-0739,Lavochin L-5 FN,Axle: 1/72 | Late war camouflage,"Axle: 1/72.
Di fine guerra mimetica.",auto-draft
post-0740,McDonnell XF85 Goblin,"Prototype A/C 1948, cute tiny parasite fighter","Prototipo aereo 1948, grazioso minuscolo parasite figther.",auto-draft
post-0741,Antonov An-71 AWACS,"Nice unusual model, radome on top of the fin is amazing, neat little scale | #1/288 Express","Bello insolito modello, radome on top del fin è amazing, neat piccolo scala.
#1/288 Express.",auto-draft
post-0742,GAZ 66 truck,Landstreitkräfte der NVA (East German Army 1956-1990) 1989,Landstreitkräfte der NVA (East tedesco Army 1956-1990) 1989.,auto-draft
post-0743,Douglas DC3 Dakota,Apologies for the inverted invasion strips,Apologies per il inverted invasion strips.,auto-draft
post-0744,Northrop X4 Bantam,Experimental A/C built in 1948,Sperimentale aereo costruito in 1948.,auto-draft
post-0745,Kamov Ka-34 Hokum,,,intentionally-empty
post-0746,Agusta A 109 KM,South African Air Force,South African Air Force.,auto-draft
post-0747,Republic P47 D Thunderbolt,,,intentionally-empty
post-0748,Eurocopter SA365 Dauphin 2,"US Coast Guard Test Pilot School 1997 - Patuxent River, MD","US Coast Guard Test Pilota School 1997 - Patuxent River, MD.",auto-draft
post-0749,MIL Mi-28 N Havoc,,,intentionally-empty
post-0750,Bell UH-1H Gunship,"51806 Nguy Hiem, Vietnam","51806 Nguy Hiem, Vietnam.",auto-draft
post-0751,Shin Meiwa PS-1,Nice airplane lines and nice livery,Livrea Nice airplane lines e nice.,auto-draft
post-0752,Bel P59A Airacomet,First US jet prototype A/C | #1/72 Hobby,"Primo US jet prototipo aereo.
#1/72 Hobby.",auto-draft
post-0753,North American P51 'Mid Engine',"Study of a mid eengined Mustang, nver realised, I wantd to see how it looks","Study di una mid emotored Mustang, nver realised, I wantd una see how lo looks.",auto-draft
post-0754,Eurocopter EC-135,"Christoph 16 D-HAIT August 2001 - Krankenhaus Winterberg, Saarbrücken","Christoph 16 D-HAIT agosto 2001 - Krankenhaus Winterberg, Saarbrücken.",auto-draft
post-0755,Sikorsky RAH 166 Comanche,1st prototype May 1995,1st prototipo maggio 1995.,auto-draft
post-0756,SdKfz 7/2 Mittlerer Zugkraftwagen 8t,"Flak Abt. 279 25 PzDiv Heeresgruppe Mitte, Oder Spring 1945","Flak Abt. 279 25 PzDiv Heeresgruppe Mitte, Oder Spring 1945.",auto-draft
post-0757,Grumman J4F-1 Gosling,,,intentionally-empty
post-0758,Brewster Buffalo F2A RAF,Cute little kit and shape,Piccolo kit grazioso e forma.,auto-draft
post-0759,North American P-51 B Mustang III,234Sqn Bentwaters UK Dec 1944 | Code AZ-P,"234Sqn Bentwaters UK Dec 1944.
Code AZ-P.",auto-draft
post-0760,North American P-51 B Mustang III,234Sqn Bentwaters UK Dec 1944,234Sqn Bentwaters UK Dec 1944.,auto-draft
post-0761,General Dynamics F 16,Danish Air Force,Danish Air Force.,auto-draft
post-0762,Grumman F6-F Hellcat,,,intentionally-empty
post-0763,Mcdonnel Douglas F/A 18 Hornet,Unfortunately incomplete,Purtroppo incompleto.,auto-draft
post-0764,Fiat G55,Aeronautica Nazionale Repubblicana experimental camouflage,Aeronautica Nazionale Repubblicana sperimentale mimetica.,auto-draft
post-0765,Fiat G55,MM91114 1 Squadriglia 2 Gruppo Caccia 'Montefusco' Torino Caselle Autunn 1944,MM91114 1 Squadriglia 2 Gruppo Caccia 'Montefusco' Torino Caselle Autunn 1944.,auto-draft
post-0766,IAI Kfir,,,intentionally-empty
post-0767,North American F-86F Sabre,334th FS Maj. James Jabara 27-7-1953,334th FS Maj. James Jabara 27-7-1953.,auto-draft
post-0768,Henschel Hs 123,II Gruppe StukaGeschwader 9,II Gruppe StukaGeschwader 9.,auto-draft
post-0769,Heunkel He 162,"Special version with 'V' tail, design study","Special versione con 'V' tail, progetto study.",auto-draft
post-0770,North American F4JB Fury,VMA 223 El Toro 1953,VMA 223 El Toro 1953.,auto-draft
post-0771,Macchi MC 205 Veltro,1 Squadriglia 1 Gruppo Caccia Terrestri MM92219 Magg. Adriano Visconti,1 Squadriglia 1 Gruppo Caccia Terrestri MM92219 Magg. Adriano Visconti.,auto-draft
post-0772,Mikoyan Guryevic MiG 15 bis,,,intentionally-empty
post-0773,Mercedes Benz CLK,"raced in DTM 2002, nice livery","Livrea raced in DTM 2002, nice.",auto-draft
post-0774,Mercedes Benz CLK,raced in DTM 2002,corse in DTM 2002.,auto-draft
post-0775,Opel Astra V8 Coupe,DTM 2002 PM Magazin driver Timo Scheider,DTM 2002 PM Magazin pilota Timo Scheider.,auto-draft
post-0776,Porsche 935 Kremer Vaillant,Driver Bob Wollek 1976 DRM (Deutsche Rennwagen Meistershchaft) Kremer Racing. Nice livery,Pilota: Bob Wollek 1976 DRM (Deutsche Rennwagen Meistershchaft) Kremer Racing. Nice livery.,auto-draft
post-0777,Martini Porsche 935 Turbo,Unusual 1/20 scale for a car,Insolito 1/20 scala per un’auto.,auto-draft
post-0778,Lippisch P13a,"Very futuristic aerodynamic concept for a supersonic fighter, model scratchbuilt in balsa, at least for this scale no plastic model available yet","Very futuristic aerodynamic concetto per una supersonic figther, modello autocostruito in balsa, at least per questo scala no plastic modello available yet.",auto-draft
post-0779,Focke Wulf FW190 A8,Jagdgeschwader 300,Jagdgeschwader 300.,auto-draft
post-0780,Messerschmitt Me109 K4,"Conversion from Me109 G to Me109 K (engine cowling, canopy, U/C wheels fairing)","Conversione da Me109 G una Me109 K (motore cowling, tettuccio, U/C wheels fairing).",auto-draft
post-0781,Focke Wulf FW190 A8,As flown by Obltnt Josef Priller Stab JG26,As flown by Obltnt Josef Priller Stab JG26.,auto-draft
post-0782,Mercedes Unimog,Funny little 4x4 motorized kit,Buffa piccolo 4x4 motorized kit.,auto-draft
post-0783,Audi TT-R ABT,as raced in DTM 2002,as corse in DTM 2002.,auto-draft
post-0784,Messerschmitt Me163 B,,,intentionally-empty
post-0785,Focke Wulf FW190-D9,Radiator cowling re-done in balsa to improve original kit's shape,Radiator cowling re-done in balsa una improve original kit's forma.,auto-draft
post-0786,Messerschmitt Me262,"Rubber tires were provided with the kit, still standing up to now","Rubber tires erano provided con il kit, still standing up una now.",auto-draft
post-0787,Percival Mew Gull racing airplane,,,intentionally-empty
post-0788,AUDI TT-R DTM,DTM 2002 Playstation2 (no3 Laurent Aiello),DTM 2002 Playstation2 (no3 Laurent Aiello).,auto-draft
post-0789,Lotus Honda 99T,1987 F1 World Championship,1987 F1 Campionato del Mondo.,auto-draft
post-0790,Reed Baron hot rod,Iconic and hilarious design by Tom Daniels,Iconic e hilarious progetto by Tom Daniels.,auto-draft
post-0791,Honda Beat,"Cute little car, open or closed version","Grazioso piccolo auto, open or closed versione.",auto-draft
post-0792,Chevrolet Corvette Sting Ray III concept car,,,intentionally-empty
post-0793,Nissan 300ZX Fairlady,,,intentionally-empty
post-0794,Porsche 944,,,intentionally-empty
post-0795,BMW Nazca by Italdesign,For some reason the front part did not reproduce correctly the original (BMW 'nieren' missing),For some reason il front part did not reproduce correctly il original (BMW 'nieren' missing).,auto-draft
post-0796,Ferrari Mythos,Stunning beautiful lines,Splendida bella linee.,auto-draft
post-0797,Mazda Miata,Nice car,Bella auto.,auto-draft
post-0798,Mercedes C Klasse DTM,"DTM 1994 Sponsor D2, impressive livery | #1/24 'Tamiya","Livrea DTM 1994 Sponsor D2, impressive.
#1/24 'Tamiya.",auto-draft
post-0799,Mercedes Benz 190E 2.3 16 valves,The car was a sensation when launched,Il auto fu una sensation when launched.,auto-draft
post-0800,Dodge Stealth R/T,,,intentionally-empty
post-0801,Pontiac Firebird Trans Am,"Model year 1985, beautiful car, kit bought in the US","Anno modellolo 1985, beautiful auto, kit bought nel US.",auto-draft
post-0802,Pontiac Fiero,"Model year 1984, cute little kit, bought in the US","Anno modellolo 1984, cute little kit, bought nel US.",auto-draft
post-0803,Opel Calibra V6 DTM,DTM 1994 driver: Manuel Reuter,DTM 1994 pilota: Manuel Reuter.,auto-draft
post-0804,Suzuki Cappuccino,"cute little kit, I like the detaied underside and the option of closed or open version","grazioso piccolo kit, mi piace il detailed parte inferiore e il option di closed or open versione.",auto-draft
post-0805,Williams FW-07,1980 Brazilian GP,GP del Brasile 1980.,auto-draft
post-0806,Brabham BT50 Turbo,1 (Nelson Piquet) Juni 1982 Canadian Grand Prix - Montreal CA (Result: 1),1 (Nelson Piquet) giugno 1982 Canadian Gran Premio - Montreal CA (Result: 1).,auto-draft
post-0807,McLaren MP4/4,1988 F1 World Champion,1988 F1 World Campione.,auto-draft
post-0808,Leyton House CG901 B,"1990 F1 World Championship, car designed by that genius of Adrian Newey","1990 F1 Campionato del Mondo, auto progettata da che genius di Adrian Newey.",auto-draft
post-0809,M60 tank,Unfortunately incomplete,Purtroppo incompleto.,auto-draft
post-0810,Panzerkampfwagen V Panther; Sd.Kfz. 171,Conversion to 'chin' type gun mantlet,Conversione una 'chin' type mantelletto del cannone.,auto-draft
post-0811,Chevrolet Monte Carlo SS,"Sponsor Skoal Bandit driver:Harry Gant, kit bought in the US","Sponsor Skoal Bandit pilota:Harry Gant, kit comprato nel US.",auto-draft
post-0812,Ford Thunderbird Stock Car Coors,"As raced by Bill Elliott NASCAR championship 1984, kit bought in the US","Come corse con Bill Elliott NASCAR championship 1984, kit bought nel US.",auto-draft
post-0813,Ford Mustang Mach III Show Car,,,intentionally-empty
post-0814,Mrcedes-Benz SLK,,,intentionally-empty
post-0815,Porsche 956 Rothmans,White metal body,White metal body.,auto-draft
post-0816,âJagdpantherâ (Sd.Kfz. 173),,,intentionally-empty
post-0817,Ferrari F1 2000,Raced in 2000 F1 championship,Corse nel 2000 F1 championship.,auto-draft
post-0818,Chevrolet Beretta GT,US sedan to appeal the European market,US sedan una appeal il European market.,auto-draft
post-0819,Plymouth Prowler,"It is stunning that this car was actually series produced and on sale, what a ride",È sorprendente che questa auto sia stata davvero prodotta in serie e venduta: che macchina.,auto-draft
post-0820,Ford New Thunderbird,2002 model year | Nice kit including hardtop,"2002 modello year.
Bel kit including hardtop.",auto-draft
post-0821,Slot car bodies 1/32 scale:,"- Ford Escort Castrol, conversion from Airfix kit, I raced a lot with it at the time, one of the first conversions | - Alpine LeMans","- Ford Escort Castrol, conversione da kit Airfix, I corse una lot con lo all’epoca, uno dei primi conversions.
- Alpine Le Mans.",auto-draft
post-0822,1/32 slot car bodies:,"- Ferrari GTO (acetate) has not yellowed over all these years | - Lotus Europa, incomplete conversion from Policar body, sponsor Minolta driver Harald Ertl","- Ferrari GTO (acetate) has not yellowed over all these years.
- Lotus Europa, incompleto conversione da Poliauto body, sponsor Minolta pilota Harald Ertl.",auto-draft
post-0823,Porsche 917 slot car body from Airfix kit,,,intentionally-empty
post-0824,Porsche 917 K,no.22 Martini LeMans winner 1971,no.22 Martini Le Mans vincitrice 1971.,auto-draft
post-0825,Ford Taurus Exide,Jeff Burton NASCAR championship 1997,Jeff Burton NASCAR championship 1997.,auto-draft
post-0826,"Slot car body made with thin copper foil reinforced with epoxy resin, based on Porsche 936 initial prototype",,,intentionally-empty
post-0827,Pontiac Grand Prix Interstate Batteries,Driver Bobby Labonte NASCAR 1999,Pilota: Bobby Labonte NASCAR 1999.,auto-draft
post-0828,Porsche 936-78,"I liked the aero concept very much so I converted the Porsche 936/77 to 936/78, when no kit was available. Then Tamiya came up with that very kit","mi piaced il aero concetto very much so I converted il Porsche 936/77 una 936/78, when no kit fu available. Then Tamiya came up con che very kit.",auto-draft
post-0829,Chevrolet Monte Carlo,"NASCAR 1998 championship, Goodwrench - driver:Dale Earnhardt | Nice kit with intricate inner detail","NASCAR 1998 championship, Goodwrench - pilota:Dale Earnhardt.
Bel kit con intricate inner detail.",auto-draft
post-0830,Supermarine Spitfire,Balsa kit | Model by Franco Donati,"Balsa kit.
Modello di Franco Donati.",auto-draft
post-0831,Bell Hueycobra,"Interesting kit in this big scale, scratchbuilt IR exhaust suppression device.","Interessante kit in questo grande scala, autocostruito IR exhaust suppression device.",auto-draft
post-0832,Douglas Skyrider,Incomplete,Incompleto.,auto-draft
post-0833,Ford Escort RS Cosworth Michelin Pilot,Michelin Pilot Team Ford 1 (Malcolm Wilson - Bryan Thomas) 1994 Stena Sealink Ulster Rally (Result: 1),Michelin Pilota Team Ford 1 (Malcolm Wilson - Bryan Thomas) 1994 Stena Sealink Ulster Rally (Result: 1).,auto-draft
post-0834,Mazda RX7 Efini,Modell year 1991-92,Modellol year 1991-92.,auto-draft
post-0835,BMW M3 street version,,,intentionally-empty
post-0836,BMW M3 Group A,Nice livery,Livrea Nice.,auto-draft
post-0837,Benetton Ford B188,Raced in 1988 F1 championship | Unfortunately not the correct green hue I'm afraid,"Corse nel 1988 F1 championship.
Unfortunately not il correct green hue I'm afraid.",auto-draft
post-0838,Benetton Ford B192,Raced in 1992 F1 season,Corse nel 1992 F1 season.,auto-draft
post-0839,Jordan Peugeot F1,Impressive livery,Livrea notevole.,auto-draft
post-0840,Ferrari Enzo,Caused a lot of sensation as 'supercar',Caused una lot di sensation as 'superauto'.,auto-draft
post-0841,Toyota 88C-V Taka-Q,Raced in 1988 Fuji World Endurance Championship,Corse nel 1988 Fuji World Endurance Championship.,auto-draft
post-0842,Alfa Romeo 154 Alfetta,"2 Giuseppe ""Nino"" Farina 1950 Italian Grand Prix - Italy (Result: 1st)","2 Giuseppe ""Nino"" Farina 1950 Italian Gran Premio - Italy (Result: 1st).",auto-draft
post-0843,Williams FW-07,1980 Brazilian GP,GP del Brasile 1980.,auto-draft
post-0844,KV1 tank,Some trick to allow vinyl track droop...,Some trick una allow vinyl track droop...,auto-draft
post-0845,Ligier Ford JS-11 F1,As raced in 1979 F1 championship,Come corse nel 1979 F1 championship.,auto-draft
post-0846,Ferrari F50,"Built for ferrari's 50th anniversary, the kit is nicely built to allow both closed and open versions","Costruito per ferrari's 50th anniversary, il kè nicely costruito una allow both closed e open versions.",auto-draft
post-0847,Phoenix MAN Racing Truck,Driver Gerd Körber | Unfortunately the vinyl tires aged quite badly | Model by Franco Donati,"Pilota: Gerd Körber.
Unfortunately il vinyl tires aged piuttosto badly.
Modello di Franco Donati.",auto-draft
post-0848,Supermarine Spitfire Mk1b,"First kit in a very big scale for that time, It was an event for the modellers'community | Model by Franco Donati","Primo kit in una very grande scala per l’epoca, It fu una event per il modellolers'community.
Modello di Franco Donati.",auto-draft
post-0849,Wolf WR1 Ford,"Raced in 1977 F1 season | Peculiar car as it won on its debut race, simple but efficient car, 3 wins in that season","Corse nel 1977 F1 season.
Particolare auto as lo won on its debut race, simple but efficient auto, 3 wins in che season.",auto-draft
post-0850,Lotus 72D driver Emerson Fittipaldi,"Worls champion in 1972. Possibly the best Formula 1 ever, raced from 1970 to 1975. 2 Driver's world championships and 3 Constructor's World chamionships won. In 1975 she was even still first for a few laps in Monaco GP.","Worls campione in 1972. Possibly il best Formula 1 ever, corse da 1970 una 1975. 2 Pilota's Campionato del Mondos e 3 Constructor's World chamionships won. In 1975 she fu even still primo per una few laps in Monaco GP.",auto-draft
post-0851,Lotus 78,"Raced in 1977 f1 season, first example of a wing car using the car body to enhance aerodynamic downforce","Corse nel 1977 f1 season, primo example di una wing auto using il auto body una enhance aerodynamic downforce.",auto-draft
post-0852,Hawker Hart,Model by Franco Donati,Modello di Franco Donati.,auto-draft
post-0853,Northrop P61 Black Widow,,,intentionally-empty
post-0854,Bristol Bulldog,Model by Franco Pavani,Modello di Franco Pavani.,auto-draft
post-0855,Yamaha YZR500 OW70,As raced in 1983,Come corse nel 1983.,auto-draft
post-0856,Nieuport 17,Model by Franco Pavani,Modello di Franco Pavani.,auto-draft
post-0857,Airco DH2,Model by Franco Pavani,Modello di Franco Pavani.,auto-draft
post-0858,Avro DH4,Model by Franco Pavani,Modello di Franco Pavani.,auto-draft
post-0859,Royal Aircraft Factory R.E.8,Model by Franco Pavani,Modello di Franco Pavani.,auto-draft
post-0860,Porsche 935,"Street version, impressive model","Street versione, notevole modello.",auto-draft
post-0861,North American B25 Mitchell,Model by Franco Donati,Modello di Franco Donati.,auto-draft
post-0862,North American A-5 Vigilante,unfortunately incomplete,unfortunately incompleto.,auto-draft
post-0863,Junkers Ju87 Stuka,As flown by Italian Regia Aeronautica,As flown by Italian Regia Aeronautica.,auto-draft
post-0864,Mikoyan Guryevic MiG 15,Model by Franco Donati,Modello di Franco Donati.,auto-draft
post-0865,Polikarpov I-16 type 18 âRataâ,Model by Franco Pavani,Modello di Franco Pavani.,auto-draft
post-0866,North American P51 D Mustang,as in service with Aeronautica Militare Italiana,as in service con Aeronautica Militare Italiana.,auto-draft
post-0867,Messerschmitt Me109 G,365 Squadriglia Regia Aeronautica | #1/72 'Airfix,"365 Squadriglia Regia Aeronautica.
#1/72 'Airfix.",auto-draft
post-0868,Fiat G91,,,intentionally-empty
post-0869,Jakovlev Jak 1,,,intentionally-empty
post-0870,Fiat CR42,Built by Franco Pavani,Costruito da Franco Pavani.,auto-draft
post-0871,Fiat G50,Built by Franco Pavani,Costruito da Franco Pavani.,auto-draft
post-0872,Curtiss P36,"Finnish Airf Force, postwar insigna","Finnish Airf Force, postwar insigna.",auto-draft
post-0873,McDonnell F/A-18 E Super Hornet,,,intentionally-empty
post-0874,Tyrrell Ford P34 F1 1976,"Built at a time when F1 car projects sought new ideas, nowadays all F1 cars look the same","Costruito at una time when F1 auto projects sought new ideas, nowadays all F1 autos look il same.",auto-draft
post-0875,"Tyrrel 004 1971 F1 world champion, driver Jackie Stewart","bought in 1972, its price at that time was 3.5 Euros!! | #1/12 'Tamiya","bought in 1972, its price una quell’epoca fu 3.5 Euros!!
#1/12 'Tamiya.",auto-draft
post-0876,USS Arleigh Burke,,,intentionally-empty
post-0877,USS Spruance,,,intentionally-empty
post-0878,USS O.H. Perry,,,intentionally-empty
post-0879,Ferrari 312T F1 driver Niki Lauda,1975 F1 world champion,1975 F1 world campione.,auto-draft
post-0880,Brabham BT44 driver: Carlos Pace,,,intentionally-empty
post-0881,McLaren M23 1973,,,intentionally-empty
post-0882,Chevrolet Camaro IROC-Z,"Impressive kit in huge 1/8 scale, nice car as well","Notevole kit in enorme 1/8 scala, bella auto as well.",auto-draft
post-0883,Lockheed Martin F35,,,intentionally-empty
post-0884,McDonnel Douglas F/A18,,,intentionally-empty
post-0885,Vought F4U-4B Corsair,VMA 332 Korea 1953,VMA 332 Korea 1953.,auto-draft
post-0886,McDonnell Douglas A-4M Skyhawk,,,intentionally-empty
post-0887,Vought Corsair modified,I liked to know how a Corsair would have looked like with an advanced cockpit to obviate visibility issues,mi piaced una know how una Corsair would have looked like con una avanzato cockpit una obviate visibility issues.,auto-draft
post-0888,Boeing X 32 JSF,"The first flight of the X-32A (designed for CTOL and carrier trials) took place on 18 September 2000, from Boeing's Palmdale plant to Edwards Air Force Base","Il primo volo del X-32A (designed per CTOL e autorier trials) took place on 18 settembre 2000, da Boeing's Palmdale plant una Edwards Air Force Base.",auto-draft
post-0889,Grumman A6 E TRAM Intruder,Scakle: 1/72 | VA 1151996 Eagles Carrier Air Wing 5 USS Independence accidentally shot down by Japanese destroyer on 4 June 1996,"Scakle: 1/72.
VA 1151996 Eagles Autorier Air Wing 5 USS Independence accidentally shot down by giapponese destroyer on 4 giugno 1996.",auto-draft
post-0890,McDonnell F18C,,,intentionally-empty
post-0891,IAI Kfir C-7,,,intentionally-empty
post-0892,Goodyear F2G,Bu No 88459 tested at Goodyear and NAS Patuxent River 10/45 6/46 | #1/72 Hobby,"Bu No 88459 tested at Goodyear e NAS Patuxent River 10/45 6/46.
#1/72 Hobby.",auto-draft
post-0893,Aichi M6A1- Kanzan,6th Prototype August 1945 | '1/72 'MPM,"6th Prototipo agosto 1945.
'1/72 'MPM.",auto-draft
post-0894,Mitsibishi A7M Reppu 'Sam',3rd prototype Yokosuka 1945 | 1/72 'MPM,"3rd prototipo Yokosuka 1945.
1/72 'MPM.",auto-draft
post-0895,Yokosuka D4Y2 Mk12'Betty',LS,LS.,auto-draft
post-0896,Mitsubishi J2M3 'Jack',302 Air Wing Atsugi air base,302 Air Wing Atsugi air base.,auto-draft
post-0897,Nakajima Saiun C6N1,302 Kokutai 3 Hikotai Lt Yasuzo Nagame August 1945 Atsugi AB,302 Kokutai 3 Hikotai Lt Yasuzo Nagame agosto 1945 Atsugi AB.,auto-draft
post-0898,Nakajim Type 12 Tenzan 'Myrt',Zuikaku aircraft carrier 1944,Zuikaku aereo autorier 1944.,auto-draft
post-0899,Kawanishi N1K2-J Shiden-kai (George),343 Naval Kokutai (wing) 701st Fighter Hikotai (SQ) Flt Leutnant Oshibuki Kanoya AB 1945,343 Naval Kokutai (ala) 701st Figther Hikotai (SQ) Flt Leutnant Oshibuki Kanoya AB 1945.,auto-draft
post-0900,Yokosuka D4Y2 Judy,,,intentionally-empty
post-0901,Kawasaki Ki64 Rob,"Prototype A/C, twin engined, flown in December 1943","Prototipo, aereo bimotore, volato nel dicembre 1943.",auto-draft
post-0902,Kawasaki Ki61,244 Sentai August 1945 | Quite intriguing and colorful livery,"244 Sentai agosto 1945.
Livrea Piuttosto intriguing e colorful.",auto-draft
post-0903,Mitsubishi Ki-109 gun carrier,"Nice kit, the fuselage was moulded in clear plastic to show the interior","Bel kit, il fusoliera fu moulded in clear plastic una show il interior.",auto-draft
post-0904,Gotha Go229,,,intentionally-empty
post-0905,Gothe Go229,Proposed camouflage taken from german tanks 'ambush camouflage' to avoid being spotted on the ground,Proposto mimetica taken da autori tedeschi 'ambush mimetica' per evitare di essere individuato una terra.,auto-draft
post-0906,Gotha Go 229 (horten IX),"Air-to-ait proposed camouflage, unpainted natural wood underside","Air-una-ait proposto mimetica, non verniciata natural wood parte inferiore.",auto-draft
post-0907,Skoda D1,Československé letectvo (Czechoslovak Air Force 1918-1939) Vojenské Letecké učiliště (Military Air Force School) Prostějov c 216,Československé letectvo (Aeronautica cecoslovacca 1918-1939) Vojenské Letecké učiliště (Military Air Force School) Prostějov c 216.,auto-draft
post-0908,IAR 80 A,"Aeronautica Regală Română (Romanian Royal Aeronautics 1915-1941) Esc. 53, Grupul 7 Vânătoare 109 (Constantin Pomut/Wilhelm Steinmann) Ploesti","Aeronautica Regală Română (Aeronautica Reale Rumena 1915-1941) Esc. 53, Grupul 7 Vânătoare 109 (Constantin Pomut/Wilhelm Steinmann) Ploesti.",auto-draft
post-0909,Shorts Tucano T.Mk.1,#1/72 'Premiere,#1/72 'Premiere.,auto-draft
post-0910,MiG 19 S,,,intentionally-empty
post-0911,Aeo C3A (Siebel),,,intentionally-empty
post-0912,Lavochin LAGG 3,,,intentionally-empty
post-0913,Mig 9,Moscow 1946 | Gun gas ingestion swas obviously not an issue for the designer,"Mosca, 1946.
L’ingestione dei gas dei cannoni evidentemente non fu considerata un problema dal progettista.",auto-draft
post-0914,Arado Ar240 A 02,Kharkiv Russia 1943,Kharkiv Russia 1943.,auto-draft
post-0915,Kyushu Q1W1 Lorna,Formosa 1945,"Formosa, 1945.",auto-draft
post-0916,Saab J-21,A Flygflöttilj 6 2nd Sqn,A Flygflöttilj 6 2nd Sqn.,auto-draft
post-0917,Arado Ar440,Conversion from Ar 240 Revell kit,Conversione da Ar 240 kit Revell.,auto-draft
post-0918,General Dynamics F 16 C/D,,,intentionally-empty
post-0919,Curtiss XP-55 Ascender,,,intentionally-empty
post-0920,Martin AM 1 Mauler,,,intentionally-empty
post-0921,Ryan XF2R-1 Darkshark,,,intentionally-empty
post-0922,Grumman F7F Tigercat,I wanted to check how the A/C with a bubble canopy would look like....,I wanted una check how il aereo con una bubble tettuccio would look like....,auto-draft
post-0923,Republic XP-47 H Thunderbolt,Prototype with huge inline engine Chrysler XI 2220,Prototipo con enorme inline motore Chrysler XI 2220.,auto-draft
post-0924,Mcdonnell F2H-2 Banshee,VF-172 Blue Bolts R-210 | 124969 (Lt. G.Y. Warren) October 1951 Korean War» - USS Essex KR,VF-172 Blue Bolts R-210 | 124969 (Lt. G.Y. Warren) ottobre 1951 Korean War» - USS Essex KR.,auto-draft
post-0925,BAC Strikemaster Mk84,,,intentionally-empty
post-0926,Grumman F7F-3P Tigercat,,,intentionally-empty
post-0927,McDonnell FH-1 Phantom,,,intentionally-empty
post-0928,Consolidated Vultee Vegeance MkII,Nice unusual subject for a kit,Bello insolito soggetto per un kit.,auto-draft
post-0929,Grumman F9F-5 Cougar,Conversion from Panther to Cougar when no Cougar kit was available,Conversione da Panther una Cougar when no Cougar kit fu available.,auto-draft
post-0930,Grumman F9F-5 Panther,,,intentionally-empty
post-0931,Fairey Gannett AS Mk 1,Marinefliegergeschwader 3 Schleswig 1958,Marinefliegergeschwader 3 Schleswig 1958.,auto-draft
post-0932,Douglas F3D-2 Skyknight,"VMF(N) 513 USMC South Korea August 1953, nice subject for a model kit","VMF(N) 513 USMC South Korea agosto 1953, bello soggetto per un modello kit.",auto-draft
post-0933,Grumman F8F Bearcat,,,intentionally-empty
post-0934,Curtiss P40N Warhawk,120 Sqn Nederlands East Indies AF Australia 1944,120 Sqn Nederlands East Indies AF Australia 1944.,auto-draft
post-0935,TBD,,,intentionally-empty
post-0936,Chevrolet Corvette 1985,Impressive kit in huge scale,Notevole kit in enorme scala.,auto-draft
post-0937,Blackburn Skua,759 Sqn Fleet Fighter School RNAS Eastleigh 1940,759 Sqn Fleet Figther School RNAS Eastleigh 1940.,auto-draft
post-0938,North American F100 C Super Sabre,132 Sq 3 jet AB Turkish Air Force1975 | #1/72 Models,"132 Sq 3 jet AB Turkish Air Force1975.
#1/72 Modellos.",auto-draft
post-0939,Grumman TBF-1 Avenger,US Navy Shanghai China 1945,US Navy Shanghai China 1945.,auto-draft
post-0940,Boeing P-26a Peashooter,"1934 - March Field, CA 95 Pursuit Squadron, 17 Pursuit Group 62","1934 - marzo Field, CA 95 Pursuit Squadron, 17 Pursuit Group 62.",auto-draft
post-0941,Grumman XF5F-1 Skyrocket,Quite intriguing shape and rather advanced plane for its times | #1/72 VK Models,"Piuttosto intrigante forma e rather avanzato aereo per its times.
#1/72 VK Modellos.",auto-draft
post-0942,Cessna A37 A Dragonfly,604th Special Operations Sqn 3rd TFW Bien Hoa 1964,604th Special Operations Sqn 3rd TFW Bien Hoa 1964.,auto-draft
post-0943,Cessna O2,It was flown in Vietnam as observation plane,It fu volato nel Vietnam as observation aereo.,auto-draft
post-0944,Albatross D III,"Jagdstaffel (Jasta) 2 Boelcke (Lt. Werner Voss) Juni 1917 World War 1»Western Front - Pronville FR, very colorful model, fuselage tries to depict natural wood","Jagdstaffel (Jasta) 2 Boelcke (Lt. Werner Voss) giugno 1917 World War 1»Western Front - Pronville FR, very colorata modello, fusoliera tries una depict natural wood.",auto-draft
post-0945,Fokker Dr1,"As flown by the famous 'Red Baron', Manfred von Richthofen","As flown by il famous 'Red Baron', Manfred von Richthofen.",auto-draft
post-0946,Fokker Dr1 Werner Voss,Flown by german ace Werner Voss on his last flight on 23 September 1917,Pilotato da german ace Werner Voss on his ultimo flight on 23 September 1917.,auto-draft
post-0947,Arado Ar234 C and E381 parasite fighter,Another nice idea for a fictitious 'Luft46' subject,Un altro bello idea per una immaginario 'Luft46' soggetto.,auto-draft
post-0948,Arado Ar234 C with V1 bomb,"Kut: Frog (?) | Note the hilarious loadout: 2 RATO rockets, 2 external tanks, 1 SC500 bomb and ... a V1, taking off vould make the poor blighter in it sweating profusely","Kut: Frog (?).
Note il hilarious loadout: 2 RATO rockets, 2 external tanks, 1 SC500 bomb e ... una V1, taking off vould make il poor bligther in lo sweating profusely.",auto-draft
post-0949,Pontiac Firebird Trans Am model year 1985,"Beautiful car, unusual 1/16 scale","Bella auto, insolito 1/16 scala.",auto-draft
post-0950,Lippisch DM1,"Glite to serve as aerodynamic proof of concept of the projected P13a jet fighter, built by Darmstadt and Munich technical univerity students, captured at Prien (bavaria) in 1945","Glite una serve as aerodynamic proof di concetto del projected P13a jet figther, costruito by Darmstadt e Munich technical univerity students, captured at Prien (bavaria) in 1945.",auto-draft
post-0951,Focke Wilf Triebflügel,"Project of vertical take off and landing jet fighter, doubtful it would have worked","Progetto di vertical take off e landing jet figther, doubtful lo would have worked.",auto-draft
post-0952,Dornier Do335 B,"Project of night fighter version of do 335, Good old Frog kit","Progetto di night figther versione di do 335, Buon vecchio Frog kit.",auto-draft
post-0953,Junkers EF128,"Project of a single engined jet fighter in 1944 Model done at a time when no kit was yet available, very interesting aerodynamic concept.","Progetto di una single motored jet figther in 1944 Modello done at una time when no kit fu yet available, very interessante aerodynamic concetto.",auto-draft
post-0954,Supermarine Spiteful,Conversion done when no Spiteful kit was available,Conversione done when no Spiteful kit fu available.,auto-draft
post-0955,Blohm&Voss P-194,Ground attack project with mixed propulsion in the typical B&V asymmetric layout,Ground attack progetto con mixed propulsion nel typical B&V asymmetric layout.,auto-draft
post-0956,Messerschmitt Me163C,"Evolution project of the Me162B but still with most if the inherent limitations in terms of range, but still I like the teardrop canopy very much","Evolution progetto del Me162B but still con most if il inherent limitations in terms di gamma, but still mi piace il teardrop tettuccio very much.",auto-draft
post-0957,Blohm&Voss P211.02,"B&W project submitted for the Volksjäger competition in September 1944, very interesting design could bave been superior to the actual winner He 162","B&W progetto submitted per il Volksjäger competition in settembre 1944, very interessante progetto could bave been superior unal actual vincitrice He 162.",auto-draft
post-0958,Focke Wulf Ta183,"project of a single engined jet fighter 1944, very advanced aerodynamics for that time, even if the T-tail could have given problems","progetto di una single motored jet figther 1944, very avanzato aerodynamics per l’epoca, even if il T-tail could have given problems.",auto-draft
post-0959,Henschel Hs132,"Project of a jet dive bomber, pilot flying it in a prone position","Progetto di una jet dive bombardiere, pilota flying lo in una prone position.",auto-draft
post-0960,Messerschmitt Me262 B1a,"Conversion to night fighter from Airfix kit, antennas unfortunately gone after all this time","Conversione una night figther dal kit Airfix, antennas unfortunately gone after all questo time.",auto-draft
post-0961,Manned V2 project,It would have taken the poor pilot quite some guts to fly this thing | #1/72 Hobby,"It would have taken il poor pilota piuttosto some guts una fly questo thing.
#1/72 Hobby.",auto-draft
post-0962,Messerscmitt Me110G night fighter,Conversion from Airfix kit,Conversione da kit Airfix.,auto-draft
post-0963,Focke Wulf 'Flitzer',Revell | Jet fighter project 1944,"Revell.
Jet figther progetto 1944.",auto-draft
post-0964,Heinkel He280 1/72 Huma,"The world's first true jet fighter, first powered flight on 30 March 1941","Il world's primo true jet figther, primo powered flight on 30 marzo 1941.",auto-draft
post-0965,Messerschmitt Me263 (aka Junkers Ju248) 1/72 Airmodel vacform,,,intentionally-empty
post-0966,Scratch built balsa model of a fictitious Luft46 jet fighter (dreamt),,,intentionally-empty
